Movie_Name,Rating,Voting_Count,Duration,Genre
Twisters,6.5,0,2h 2m,Action
Gladiator II,6.5,0,2h 28m,Action
Sonic the Hedgehog 3,6.9,0,1h 50m,Action
Kraven the Hunter,5.5,0,2h 7m,Action
Deadpool & Wolverine,7.6,0,2h 8m,Action
Civil War,7.0,0,1h 49m,Action
Dune: Part Two,8.5,0,2h 46m,Action
The Ministry of Ungentlemanly Warfare,6.8,0,2h 2m,Action
Venom: The Last Dance,6.0,0,1h 50m,Action
The Beekeeper,6.3,0,1h 45m,Action
The Count of Monte-Cristo,7.6,0,2h 58m,Action
Freaky Tales,7.2,0,1h 47m,Action
Furiosa: A Mad Max Saga,7.5,0,2h 28m,Action
Transformers One,7.6,0,1h 44m,Action
Carry-On,6.5,0,1h 59m,Action
Borderlands,4.7,0,1h 41m,Action
Fight or Flight,6.4,0,1h 37m,Action
The Fall Guy,6.8,0,2h 6m,Action
The Crow,4.7,0,1h 51m,Action
Road House,6.2,0,2h 1m,Action
Rebel Ridge,6.8,0,2h 11m,Action
Pushpa: The Rule - Part 2,6.1,0,3h 21m,Action
Madame Web,4.0,0,1h 56m,Action
The Lord of the Rings: The War of the Rohirrim,6.3,0,2h 14m,Action
Elevation,5.6,0,1h 31m,Action
Absolution,5.2,0,1h 52m,Action
Bad Boys: Ride or Die,6.5,0,1h 55m,Action
Red One,6.3,0,2h 3m,Action
Solo Leveling: ReAwakening,8.7,0,2h 1m,Action
Love Lies Bleeding,6.6,0,1h 44m,Action
Argylle,5.6,0,2h 19m,Action
Damsel,6.1,0,1h 50m,Action
William Tell,5.7,0,2h 13m,Action
The Union,5.4,0,1h 47m,Action
Godzilla x Kong: The New Empire,6.0,0,1h 55m,Action
Kingdom of the Planet of the Apes,6.9,0,2h 25m,Action
Land of Bad,6.6,0,1h 53m,Action
Hellboy: The Crooked Man,4.5,0,1h 39m,Action
Kung Fu Panda 4,6.3,0,1h 34m,Action
Werewolves,4.4,0,1h 33m,Action
Homestead,5.3,0,1h 52m,Action
Survive,4.5,0,1h 30m,Action
Monkey Man,6.8,0,2h 1m,Action
Aftermath,5.1,0,1h 37m,Action
The Killer's Game,5.8,0,1h 44m,Action
The Instigators,6.2,0,1h 41m,Action
Beverly Hills Cop: Axel F,6.4,0,1h 58m,Action
Lift,5.5,0,1h 47m,Action
Gunner,3.2,0,1h 46m,Action
Classified,3.7,0,1h 45m,Action
Blitz,6.2,0,2h,Action
Uglies,4.7,0,1h 40m,Action
Maharaja,8.4,0,2h 21m,Action
The Killer,5.7,0,2h 6m,Action
Old Guy,5.2,0,1h 34m,Action
Drive-Away Dolls,5.4,0,1h 24m,Action
Attack on Titan the Movie: The Last Attack,9.2,0,2h 25m,Action
Thelma,7.0,0,1h 38m,Action
Atlas,5.6,0,1h 58m,Action
Azrael,5.4,0,1h 26m,Action
Descendants: The Rise of Red,4.7,0,1h 31m,Action
Arcadian,5.5,0,1h 32m,Action
Toofan,7.4,0,2h 25m,Action
Watchmen: Chapter I,7.0,0,1h 23m,Action
Marco,6.8,0,2h 25m,Action
Apocalypse Z: The Beginning of the End,6.1,0,1h 57m,Action
Dirty Angels,4.3,0,1h 44m,Action
Canary Black,5.3,0,1h 41m,Action
Cash Out,4.8,0,1h 32m,Action
Trigger Warning,4.6,0,1h 46m,Action
Under Paris,5.2,0,1h 44m,Action
Kalki 2898 AD,7.0,0,3h,Action
Armor,3.6,0,1h 29m,Action
Long Gone Heroes,5.2,0,1h 41m,Action
Trouble,6.2,0,1h 38m,Action
Rebel Moon - Part Two: The Scargiver,5.3,0,2h 2m,Action
Jackpot!,5.8,0,1h 46m,Action
11 Rebels,6.3,408000,2h 35m,Action
Twilight of the Warriors: Walled In,7.0,0,2h 6m,Action
Brothers,5.4,0,1h 29m,Action
Amaran,8.1,0,2h 47m,Action
The Shadow Strays,6.5,0,2h 24m,Action
Duchess,4.6,0,1h 54m,Action
The Silent Hour,6.1,0,1h 39m,Action
The Fix,4.6,0,1h 38m,Action
Red Right Hand,5.5,0,1h 51m,Action
Weekend in Taipei,5.7,0,1h 40m,Action
Hitpig,5.1,937000,1h 26m,Action
Alien: Rubicon,2.4,342000,1h 26m,Action
Watchmen: Chapter II,7.0,0,1h 30m,Action
Hounds of War,4.5,0,1h 35m,Action
Harbin,6.3,637000,1h 48m,Action
Fighter,6.2,0,2h 46m,Action
Uprising,6.6,0,2h 6m,Action
No Way Up,4.6,0,1h 30m,Action
Boneyard,4.1,0,1h 36m,Action
Role Play,5.5,0,1h 40m,Action
Hagen,6.1,0,2h 19m,Action
Cloud,6.3,0,2h 4m,Action
Damaged,4.7,0,1h 37m,Action
Bangkok Dog,4.8,195000,1h 25m,Action
Megamind vs. The Doom Syndicate,2.5,0,1h 23m,Action
Chief of Station,4.7,0,1h 37m,Action
Take Cover,5.1,0,1h 30m,Action
Relay,7.5,107000,1h 52m,Action
The Prosecutor,6.7,0,1h 57m,Action
Karma,7.9,0,2h 47m,Action
Baby John,5.2,0,2h 39m,Action
The Courier,6.0,0,1h 41m,Action
Viduthalai Part 2,7.9,0,2h 50m,Action
The Thundermans Return,5.0,0,1h 10m,Action
Hanu Man,7.7,0,2h 38m,Action
Revolver,5.4,865000,1h 54m,Action
Singham Again,4.7,0,2h 24m,Action
Justice League: Crisis on Infinite Earths - Part One,6.2,0,1h 33m,Action
Baby Invasion,4.5,452000,1h 20m,Action
My Spy: The Eternal City,5.7,0,1h 52m,Action
Pusaka,5.1,120000,1h 30m,Action
The Roundup: Punishment,6.6,0,1h 49m,Action
Sikandar Ka Muqaddar,6.0,0,2h 22m,Action
River of Blood,5.2,0,1h 26m,Action
Levels,5.0,0,1h 33m,Action
Darkness of Man,4.8,0,1h 49m,Action
The Quiet Ones,6.4,688000,1h 50m,Action
One More Shot,5.4,0,1h 43m,Action
Zero,6.1,65000,1h 28m,Action
"I, the Executioner",6.3,0,1h 58m,Action
Jigra,6.0,0,2h 33m,Action
Prey,3.7,0,1h 26m,Action
Devara Part 1,6.0,0,2h 56m,Action
Justice League: Crisis on Infinite Earths - Part Three,6.1,0,1h 34m,Action
Badland Hunters,5.9,0,1h 47m,Action
The Last of Us: Immunity,5.5,17000,1h 4m,Action
My Hero Academia: You're Next,7.0,0,1h 50m,Action
Aavesham,7.8,0,2h 35m,Action
London Calling,7.5,22000,1h 49m,Action
Sunray: Fallen Soldier,4.3,632000,1h 55m,Action
Code 8: Part II,5.7,0,1h 40m,Action
Raqa,5.6,211000,1h 47m,Action
Striking Rescue,5.7,414000,1h 46m,Action
Ultraman: Rising,6.9,0,1h 57m,Action
Demon Slayer: Kimetsu No Yaiba - To the Hashira Training,7.1,0,1h 44m,Action
The Price of Money: A Largo Winch Adventure,5.0,0,1h 40m,Action
Dominique,5.3,0,1h 40m,Action
The Clean Up Crew,4.1,0,1h 35m,Action
Utopia,3.6,362000,1h 31m,Action
Officer Black Belt,6.8,0,1h 48m,Action
Mafia Wars,3.4,241000,1h 34m,Action
Air Force One Down,4.4,0,1h 24m,Action
Death Whisperer 2,6.4,0,1h 50m,Action
Dan Da Dan: First Encounter,8.2,0,1h 23m,Action
Joe Baby,7.4,32000,1h 26m,Action
The Wages of Fear,4.6,0,1h 44m,Action
Night Call,6.8,0,1h 37m,Action
Pani,6.9,0,2h 23m,Action
KA,7.1,0,2h 31m,Action
Simarik,6.4,0,1h 51m,Action
Anaconda,4.9,636000,1h 24m,Action
Cesium Fallout,6.4,695000,2h 16m,Action
Dark Match,5.4,952000,1h 34m,Action
Latency,4.2,0,1h 34m,Action
Article 370,7.8,0,2h 38m,Action
The Family Star,5.4,0,2h 39m,Action
Life After Fighting,6.4,0,2h 6m,Action
Kill Em All 2,4.1,0,1h 28m,Action
One Fast Move,5.0,0,1h 48m,Action
40 Acres,6.8,134000,1h 53m,Action
Rogue Elements: A Ryan Drake Story,4.7,969000,44m,Action
Murder Company,3.7,0,1h 26m,Action
Elyas,6.1,0,1h 45m,Action
Justice League: Crisis on Infinite Earths - Part Two,5.5,0,1h 34m,Action
Bougainvillea,6.4,0,2h 18m,Action
200% Wolf,5.9,0,1h 38m,Action
Savi,6.1,0,2h 6m,Action
Handsome Guys,6.5,833000,1h 41m,Action
Lights Out,4.9,0,1h 30m,Action
Rifle Club,7.0,0,1h 53m,Action
Angels Fallen: Warriors of Peace,4.9,0,1h 43m,Action
The Greatest of All Time,5.7,0,3h 3m,Action
Alienoid: The Return to the Future,6.5,0,2h 2m,Action
Sixty Minutes,5.7,0,1h 28m,Action
City Hunter,6.3,0,1h 42m,Action
Vanvaas,6.6,0,2h 40m,Action
The Twisters,2.5,339000,1h 26m,Action
Panda Plan,5.1,0,1h 39m,Action
Escape,6.4,0,1h 34m,Action
Bloody Escape: Bats out of Hell,5.6,47000,1h 40m,Action
The Tiger's Apprentice,5.7,0,1h 24m,Action
Arena Wars,4.8,0,1h 36m,Action
Sorgavaasal,6.6,0,2h 18m,Action
Golden Kamuy,6.3,0,2h 7m,Action
Overlord: The Sacred Kingdom,6.9,972000,2h 15m,Action
Saripodhaa Sanivaaram,7.0,0,2h 46m,Action
Agent Recon,2.4,673000,1h 25m,Action
Heart of the Hunter,4.7,0,1h 45m,Action
Freedom,5.9,0,1h 50m,Action
Khadaan,7.1,0,2h 17m,Action
Agni,7.2,0,2h 2m,Action
Paradox Effect,6.0,0,1h 27m,Action
Operation Blood Hunt,3.5,488000,1h 33m,Action
Wynonna Earp: Vengeance,5.5,0,1h 36m,Action
Everybody Loves Jenifa,8.3,86000,2h 15m,Action
The Last Kumite,4.6,0,1h 45m,Action
Hijack 1971,6.8,0,1h 40m,Action
Bade Miyan Chote Miyan,3.8,0,2h 43m,Action
Die Hart 2: Die Harter,4.3,0,1h 32m,Action
Outlaw,5.2,931000,1h 22m,Action
Sheriff,6.9,0,2h 13m,Action
Kahar: Kapla High Council,6.9,463000,1h 42m,Action
Kanguva,4.5,0,2h 32m,Action
How to Rob a Bank,6.6,0,1h 28m,Action
Bad Boyz,3.4,672000,2h 30m,Action
Guntur Kaaram,5.4,0,2h 39m,Action
Yodha,5.7,0,2h 10m,Action
A.R.M,7.1,0,2h 30m,Action
Hellhound,4.3,507000,1h 43m,Action
Tales Beyond the Galaxy,4.7,181000,1h 16m,Action
Devil's Knight,5.2,886000,1h 30m,Action
72 Hours,4.1,287000,1h 27m,Action
Nice Girls,4.2,0,1h 32m,Action
A Legend,4.7,906000,2h 9m,Action
Black Heat,8.6,118000,1h 33m,Action
Bonnie,7.4,36000,2h,Action
Vettaiyan,7.0,0,2h 43m,Action
The Hangman,3.3,0,1h 32m,Action
Continental Split,3.6,546000,1h 28m,Action
Chandu Champion,7.8,0,2h 22m,Action
Mahadev Ka Gorakhpur,7.6,388000,2h 11m,Action
Fight Another Day,4.9,352000,1h 37m,Action
Wanted Man,4.8,0,1h 25m,Action
Ferry 2,5.6,0,1h 34m,Action
Ryan's World the Movie: Titan Universe Adventure,1.8,693000,1h 20m,Action
12 to Midnight,3.6,284000,1h 36m,Action
The Last Front,5.5,611000,1h 38m,Action
Bagheera,6.7,0,2h 38m,Action
The Lockdown,4.3,610000,1h 57m,Action
WWII: Operation Phoenix,6.3,75000,1h 46m,Action
Alien Country,4.4,364000,1h 36m,Action
Snow White and the Seven Samurai,3.2,295000,1h 28m,Action
War of the Worlds: Extinction,3.0,207000,1h 24m,Action
Raayan,6.5,0,2h 25m,Action
The Firefighters,5.7,194000,1h 46m,Action
Thangalaan,6.6,0,2h 36m,Action
Drive Back,4.8,307000,1h 34m,Action
Vedaa,6.0,0,2h 25m,Action
Cells at Work!,6.7,232000,1h 49m,Action
Rats!,6.5,123000,1h 25m,Action
Jacob Tyler,4.3,58000,2h 13m,Action
Dirty Money,5.6,134000,1h 40m,Action
"Love, Courage and the Battle of Bushy Run",5.0,182000,1h 53m,Action
Bionic,4.3,0,1h 50m,Action
Max,7.1,0,2h 12m,Action
The Ballad of Davy Crockett,4.6,248000,1h 36m,Action
Mura,7.3,0,2h 9m,Action
Auron Mein Kahan Dum Tha,6.5,0,2h 30m,Action
Shark Warning,3.4,269000,1h 34m,Action
Terminator: Skynet Rising,6.7,267000,1h 28m,Action
Citizen of a Kind,6.7,822000,1h 54m,Action
Escape from the 21st Century,6.5,883000,1h 38m,Action
Art of Eight Limbs,4.0,316000,1h 41m,Action
Kingdom 4: Return of the Great General,7.1,0,2h 25m,Action
Invasion,4.8,680000,1h 31m,Action
Get Fast,3.7,456000,1h 28m,Action
Eagle,5.9,0,2h 39m,Action
Mission: Cross,6.1,0,1h 45m,Action
Don't Mess with Grandma,6.0,154000,1h 21m,Action
GTMax,5.0,0,1h 40m,Action
Bhaiyya Ji,4.8,0,2h 30m,Action
School of Magical Animals 3,5.8,314000,1h 45m,Action
Naam,6.3,277000,2h 16m,Action
Virunnu,7.3,886000,2h 5m,Action
The Friendly,8.1,15000,1h 41m,Action
Yolo,6.9,0,2h 9m,Action
Operation Undead,4.6,404000,1h 50m,Action
Stuntman,6.9,168000,1h 54m,Action
5 Pounds of Pressure,6.7,16000,1h 51m,Action
Roadkill,3.7,682000,1h 30m,Action
The Bouncer,4.2,90000,1h 18m,Action
Conquer: Lahad Datu,6.6,514000,2h,Action
Cassino in Ischia,4.4,242000,1h 53m,Action
Martin,2.2,0,2h 27m,Action
Big City Greens the Movie: Spacecation,6.2,542000,1h 23m,Action
Pimpinero: Blood and Oil,5.6,551000,2h 1m,Action
Tillu Square,6.6,0,2h 17m,Action
The Last Ronin,4.9,575000,1h 55m,Action
Hunting with Tigers,5.6,535000,1h 49m,Action
Six jours,6.4,103000,1h 35m,Action
Snatched,4.9,209000,1h 41m,Action
Sons of Rizk 3,6.7,0,2h 5m,Action
Warrior Awang and Master Tok Gajah,4.6,476000,1h 58m,Action
Nothing Even Matters,5.5,77000,1h 30m,Action
Taken from Rio Bravo,3.0,315000,1h 20m,Action
Crakk: Jeetega... Toh Jiyegaa,4.7,0,2h 34m,Action
No Time to Spy: A Loud House Movie,6.4,449000,1h 21m,Action
American Underdog,8.7,24000,1h 29m,Action
Dharmarakshak Mahaveer Chhatrapati Sambhaji Maharaj,8.1,660000,2h 54m,Action
Ka Whawhai Tonu,7.3,179000,1h 55m,Action
Troubleshooters,6.5,417000,1h 50m,Action
I Heart Robots,4.6,0,1h 16m,Action
The Charisma Killers,6.3,656000,1h 41m,Action
Yudhra,5.0,0,2h 22m,Action
Orang Ikan,6.7,34000,1h 23m,Action
UI,6.8,0,2h 15m,Action
Je Jatt Vigarh Gya,5.6,825000,2h 12m,Action
Spiders on a Plane,5.1,372000,1h 18m,Action
The Moon Thieves,6.1,252000,1h 48m,Action
Deaner '89,5.9,419000,1h 30m,Action
Barroz: Guardian of Treasures,3.5,0,2h 35m,Action
Nu Huo 12 Xiao Shi,6.0,47000,1h 26m,Action
Non Negotiable,5.4,0,1h 27m,Action
Big Rage,3.6,166000,1h 55m,Action
Customs Frontline,5.5,489000,1h 55m,Action
Agents,3.4,933000,1h 22m,Action
Sasan,8.6,71000,2h 35m,Action
Razakar: The Silent Genocide of Hyderabad,7.4,0,2h 46m,Action
Tiger's Trigger,4.2,18000,1h 24m,Action
S.T.A.L.K.E.R.: Shadow of the Zone,5.1,468000,1h 12m,Action
Garudan,7.1,0,2h 13m,Action
Mongol,8.6,95000,2h 35m,Action
Ghost Killer,7.0,76000,1h 45m,Action
Checkmate,4.3,390000,1h 44m,Action
Rajakili,6.8,585000,2h 2m,Action
Crisis Negotiators,6.7,716000,2h,Action
Baby Assassins: Nice Days,7.3,304000,1h 43m,Action
Lady Scorpions,3.6,367000,1h 41m,Action
The Kingdom,7.9,89000,2h 13m,Action
Mirza: Part 1 - Joker,6.8,241000,2h 45m,Action
Love You to Debt,6.2,759000,2h 15m,Action
Mr. Bachchan,3.6,0,2h 30m,Action
The Experts,6.1,278000,2h 1m,Action
Black Creek,7.3,8000,1h 56m,Action
Go for Broke,5.7,272000,1h 55m,Action
Babu,7.4,184000,2h 22m,Action
Eye for an Eye 2,6.6,505000,1h 30m,Action
Crosspoint,6.7,42000,1h 40m,Action
Ayalaan,6.0,0,2h 35m,Action
Iron Fighter,3.6,63000,1h 20m,Action
The Day Everything Changed,7.9,79000,1h 37m,Action
Lal Salaam,4.5,0,2h 30m,Action
Midas,4.7,340000,1h 25m,Action
Mobile Suit Gundam SEED Freedom,6.6,952000,2h 4m,Action
Paradise,6.9,78000,1h 23m,Action
Rendel: Cycle of Revenge,3.6,245000,1h 39m,Action
(Pri)sons,5.0,273000,1h 40m,Action
Breaking and Re-entering,5.8,443000,1h 49m,Action
The Plot,4.8,382000,1h 40m,Action
Baki Hanma VS Kengan Ashura,5.7,0,1h 2m,Action
UmroAyyar - A New Beginning,6.9,675000,2h 15m,Action
Purushothamudu,5.2,0,2h,Action
Bidurbhai,9.2,380000,2h 28m,Action
Aserb: The Squadron,5.2,307000,2h,Action
Sikaar,8.3,677000,2h 30m,Action
6 Hours Away,3.9,244000,1h 33m,Action
Kizumonogatari: Koyomi Vamp,7.0,89000,2h 24m,Action
Harom Hara,6.6,0,2h 34m,Action
Gandhi 3,5.5,239000,2h 23m,Action
Yuva,5.8,837000,2h 33m,Action
Appudo Ippudo Eppudo,4.7,231000,2h,Action
Hit List,5.5,313000,2h 5m,Action
Road Wars: Max Fury,2.0,350000,1h 23m,Action
Ruslaan,3.3,0,2h,Action
Malayalee from India,5.6,0,2h 40m,Action
Fighting the Fire,8.5,0,1h 55m,Action
Bangkok Breaking: Heaven and Hell,5.8,667000,2h 26m,Action
Star Abyss,3.8,247000,1h 26m,Action
Siren,6.4,0,2h 34m,Action
Sabari,6.5,0,2h 9m,Action
They Call Her Death,6.8,28000,1h 32m,Action
Bachhala Malli,8.3,0,2h 20m,Action
Correr para Vivir,7.0,197000,1h 37m,Action
The Heist,6.9,0,2h,Action
Anunnakiler,2.5,451000,1h 16m,Action
First Nights at Freddy's,9.3,16000,1h 38m,Action
Hunt the Wicked,5.3,113000,1h 42m,Action
Malaikottai Vaaliban,6.0,0,2h 36m,Action
Bureau 749,4.1,529000,2h 3m,Action
Double Ismart,2.9,0,2h 36m,Action
Samandar,7.7,140000,2h 52m,Action
Operation Valentine,5.3,0,2h 13m,Action
The Traveller,5.2,208000,2h 14m,Action
Alangu,8.1,0,2h 11m,Action
The Actor,3.4,732000,2h 8m,Action
Drive,5.6,332000,1h 30m,Action
Kondal,5.4,772000,2h 27m,Action
Clownface 3,9.0,36000,1h 44m,Action
My Fathers' Daughter,6.7,74000,1h 18m,Action
The Lost Tiger,7.9,45000,1h 30m,Action
Bohurupi,8.3,0,2h 35m,Action
The Epidemic,5.7,72000,1h 35m,Action
The Unbreakable Bunch,7.2,26000,R,Action
12 Gaun,6.4,883000,2h 27m,Action
Fyre Rises,6.5,322000,1h 50m,Action
Bhaje Vaayu Vegam,6.1,555000,2h 16m,Action
Shark Island,3.2,115000,1h 21m,Action
Telekinesis,5.9,60000,1h 46m,Action
Buddy,3.8,346000,2h 17m,Action
Die Chaosschwestern und Pinguin Paul,5.7,67000,1h 40m,Action
Memes & Nightmares,5.7,85000,1h 21m,Action
Zebra,7.2,0,2h 44m,Action
Camp Blood: Clown Shark,3.3,87000,1h 10m,Action
Jorge da Capadócia,6.4,131000,1h 59m,Action
Nintama Rantaro Dokutake Ninja-tai Saikyou no Gunshi,7.0,20000,1h 30m,Action
Turbo,5.9,0,2h 35m,Action
Captain Miller,6.5,0,2h 37m,Action
Where Is Gilgamesh?,9.0,606000,1h 30m,Action
Mazhai Pidikatha Manithan,4.5,424000,2h 13m,Action
Game On,5.3,0,2h 20m,Action
Hitler,5.2,305000,2h 8m,Action
Por,5.1,615000,2h 34m,Action
Prepare to Die,4.6,234000,1h 33m,Action
Red vs. Blue: Restoration,5.6,137000,1h 25m,Action
Tòkunbò,3.9,296000,1h 53m,Action
Sucha Soorma,6.4,918000,2h 16m,Action
Mummy Shark,2.0,178000,1h 6m,Action
Buying Time,6.1,413000,1h 24m,Action
Ship of the Damned,2.8,298000,1h 28m,Action
Bull Shark 2,2.9,159000,1h 15m,Action
Ghosts of Red Ridge,3.3,158000,1h 21m,Action
Taklee Genesis x Worlds Collide,5.4,409000,2h 26m,Action
Bastar: The Naxal Story,6.4,0,2h 4m,Action
The Mick and the Trick,4.9,76000,1h 36m,Action
Mission: Chapter 1,5.9,0,2h 24m,Action
Ameena,6.4,19000,1h 47m,Action
Spirit Riser,6.7,33000,1h 38m,Action
Touchdown,6.8,14000,1h 18m,Action
Speed 220,6.8,0,1h 54m,Action
Echo 8,3.9,199000,1h 36m,Action
The Desperate Chase,5.5,60000,1h 50m,Action
The Omicron Killer,2.9,595000,1h 38m,Action
Sayen: The Huntress,4.4,254000,1h 28m,Action
Agastya - Chapter 1,6.9,597000,2h 48m,Action
Matka,4.7,585000,2h 36m,Action
Gangs of Godavari,5.0,909000,2h 45m,Action
Ame no naka no yokujô,5.9,75000,2h 12m,Action
Losing Lerato 2,9.1,34000,1h 36m,Action
Kung Fu Games,3.3,381000,1h 38m,Action
Diabel,5.1,248000,1h 48m,Action
Shu Si Yi Bo,6.7,33000,1h 31m,Action
Guy Manley: Super Spy,4.4,117000,1h 32m,Action
Ballistic,2.2,161000,1h 35m,Action
The Circuit 4: Faith Fighter,4.3,89000,1h 30m,Action
I Am What I Am 2,7.5,203000,2h 14m,Action
DNA,5.1,210000,2h 36m,Action
The Last Chainsaw Massacre,3.8,41000,1h 15m,Action
Vixen,5.9,71000,1h 28m,Action
Young Lion of the West,5.2,108000,1h 33m,Action
Sunfall,2.3,37000,1h 14m,Action
Onsen shâku,5.9,32000,1h 10m,Action
Panjab Files,8.2,20000,1h 57m,Action
Mathu Vadalara 2,7.0,0,2h 19m,Action
Clone Cops,7.4,195000,1h 36m,Action
Saindhav,5.1,0,2h 18m,Action
Blade of Fury,6.1,125000,1h 30m,Action
Jathara,7.8,0,2h 9m,Action
How to Make a Werewolf,5.9,139000,16+,Action
Mutant,4.5,59000,1h 30m,Action
High Forces,5.7,528000,1h 59m,Action
Bonus Trip,4.5,226000,1h 53m,Action
Formed Police Unit,4.6,477000,2h,Action
Sous écrous,5.4,35000,1h 51m,Action
Tokusou Sentai Dekaranger 20th: Fireball Booster,7.0,33000,50m,Action
The Infallibles,4.8,752000,1h 39m,Action
Dange,5.3,794000,2h 34m,Action
Transformers Prime: Galavatron's Revenge,3.7,9000,1h 44m,Action
Raju Gari Ammayi Naidu Gari Abbayi,8.2,0,2h 38m,Action
Kill Craft,2.4,365000,1h 39m,Action
24 Hours to D-Day,4.6,36000,1h 23m,Action
Rebel,3.1,65000,1h 40m,Action
Thundu,5.0,905000,2h 5m,Action
The Grey Men,6.4,70000,1h 37m,Action
Marni: The Story of Wewe Gombel,5.9,212000,1h 59m,Action
The Wild Blade of Strangers,6.2,113000,1h 42m,Action
Oru Anveshanathinte Thudakkam,7.1,830000,3h 1m,Action
Black Storm,6.6,64000,1h 37m,Action
Dragon Ball Z Kai,8.5,71000,1h 22m,Action
Bhairadevi,8.7,49000,2h 14m,Action
The Miranda Brothers,4.4,190000,1h 39m,Action
Ape X Mecha Ape: New World Order,2.8,135000,1h 27m,Action
Jithender Reddy,7.5,0,2h 16m,Action
Kali,5.1,418000,1h 36m,Action
Shekko,6.0,562000,2h,Action
In Tenebras: Into the Darkness,3.3,174000,1h 30m,Action
Indrani: Epic-1 Dharam vs Karam,7.6,0,2h 37m,Action
Dreams,7.6,8000,1h 46m,Action
Karma,4.5,17000,1h 51m,Action
Sector 17,5.5,0,2h 26m,Action
Gam Gam Ganesha,5.3,310000,2h 20m,Action
Serra das Almas,6.3,10000,2h,Action
Devaki Nandana Vasudeva,6.5,0,2h 8m,Action
Desperado,5.9,144000,1h 40m,Action
Athhoi,8.0,134000,2h 38m,Action
Kadakan,4.0,112000,2h 8m,Action
Gold Raiders,2.0,183000,1h 28m,Action
Soodhu Kavvum 2: Naatum Naatu Makkalum,3.7,202000,2h 9m,Action
Bandaa Singh Chaudhary,6.3,0,1h 53m,Action
Texas Twister,2.5,158000,1h 28m,Action
Captain Avispa,5.8,176000,1h 36m,Action
Kamen Rider 555 20th: Paradise Regained,5.9,142000,1h 5m,Action
Death Game,6.3,24000,1h 28m,Action
Honeko Akabane's Bodyguards,5.9,40000,1h 57m,Action
Saint Young Men: Holy Men vs Demon Army,3.0,13000,1h 33m,Action
Bond of Justice: Kizuna Part I - Encounter,6.2,18000,1h 32m,Action
Hell City,9.1,27000,1h 30m,Action
Next to Us,4.9,222000,2h 5m,Action
The Vampire and the Vigilante,3.6,51000,1h 15m,Action
Rang De Basanti,8.8,145000,2h 54m,Action
Polar,4.4,29000,1h 16m,Action
Love You as the World Ends Final,6.4,37000,1h 55m,Action
The Alexandrian,3.8,254000,1h 44m,Action
Shadows of Betrayal: Chronicles of Ian Blair,7.3,12000,1h 5m,Action
Hiranya,5.6,20000,2h 18m,Action
London Gangsters,4.3,11000,1h 44m,Action
SCP: The Infinite Mission,6.0,32000,16+,Action
Too Little Too Late,5.5,8000,1h 6m,Action
Lisabi: The Uprising,6.1,125000,1h 47m,Action
Uninvited,6.5,76000,1h 33m,Action
Türkler Çildirmis Olmali 2: Mavi Vatan,2.2,157000,1h 40m,Action
Fuuto PI: Portrait of Kamen Rider Skull,7.5,42000,1h 22m,Action
Dark Fusion,8.5,235000,1h 30m,Action
Neon Fear,5.8,548000,40m,Action
Reloaded 2,7.7,0,45m,Action
The Evil Three,6.7,989000,30m,Action
Sumaho o otoshita dake na no ni: Saishusho Final Hacking Game,7.4,20000,1h 56m,Action
Hrashwo Deergha,8.0,82000,2h 30m,Action
The Slave and the Sorcerer,6.7,40000,1h 26m,Action
Revenge,1.5,41000,2h 7m,Action
Gone with the Dead,4.4,47000,1h 36m,Action
Anchakkallakokkan,6.6,0,2h 6m,Action
Megdan: Between Water and Fire,5.4,723000,1h 46m,Action
Chasing Raine,2.3,187000,1h 41m,Action
Pottel,8.2,0,2h 28m,Action
Marine Drive,9.5,50000,1h 45m,Action
Exorcism Chronicles: The Beginning,7.2,97000,1h 25m,Action
Weapon,5.5,0,2h,Action
Tariq,6.2,18000,2h 2m,Action
Sentimentaaal,5.6,976000,2h 15m,Action
What Happens in Miami,4.3,220000,1h 30m,Action
Mechanic Rocky,6.4,0,2h 36m,Action
Dünya Mali: Eksi Bir,7.2,17000,2h 13m,Action
Saala,5.7,0,2h 10m,Action
Viswam,4.2,642000,2h 35m,Action
Deadzone,4.1,35000,1h 20m,Action
Stranded Pearl,6.0,27000,1h 30m,Action
Bhimaa,5.1,0,2h 21m,Action
Bloodline,9.2,49000,1h 20m,Action
Pranaya Godari,7.8,0,2h 28m,Action
Witch Hunter,5.3,24000,1h 20m,Action
Sacrum Vindictae II,4.5,13000,1h 54m,Action
Permafrost,5.7,114000,1h 20m,Action
South Side Hero,5.4,36000,1h 32m,Action
Yakuza Girl,2.3,66000,1h 22m,Action
Genis Aile 4: Cevahir & Ulvi,7.0,54000,1h 30m,Action
Lie Zhan,6.9,66000,1h 33m,Action
Gravediggers,6.4,29000,1h 31m,Action
Brattt,4.7,67000,1h 57m,Action
Second Life,6.8,48000,1h 45m,Action
Komandir,6.4,521000,2h 11m,Action
Spider-Man: Final Swing,8.4,10000,2h 33m,Action
Purushothamudu,7.4,13000,2h,Action
Major Grom: The Game,6.1,0,2h 48m,Action
The Captives,3.5,66000,1h 13m,Action
Kuang Bao Ju Xi,6.0,71000,1h 15m,Action
Wonderful Precure! The Movie! Doki Doki Game no Sekai de Daiboken,7.0,34000,1h 11m,Action
Kamen Rider Gotchard: The Future Daybreak,7.9,71000,1h 3m,Action
Cholo Zombies,4.6,103000,1h 36m,Action
Average Student Nani,7.5,0,2h 18m,Action
Rob N Roll,6.1,0,1h 38m,Action
Usha Parinayam,9.0,0,2h 24m,Action
Itutumba ka ng tatay ko,5.7,29000,1h 49m,Action
Rathnam,5.4,0,2h 35m,Action
Emanet,7.9,31000,1h 37m,Action
Bheema,5.8,950000,2h 28m,Action
Petta Rap,4.0,0,2h 3m,Action
Pariah Volume 1: Every Street Dog Has a Name,6.9,387000,2h 18m,Action
Dark World,4.6,15000,2h 15m,Action
The Burden of Nine Lives,4.7,101000,1h 56m,Action
Pushpaka Vimanam,5.6,16000,2h 17m,Action
The Worlds Divide,8.1,39000,2h,Action
Mega Twister,2.5,52000,1h 15m,Action
Dhaaak,8.6,24000,2h 8m,Action
Zénithal,5.4,83000,1h 20m,Action
"Bullets, Brothers and Blood",7.8,15000,1h 25m,Action
September Babies,5.8,288000,1h 34m,Action
Death Bitch,7.2,20000,1h 28m,Action
The Yoshi Movie,7.7,12000,1h 45m,Action
Angel of the Warrior,8.5,134000,1h 30m,Action
Kamen Rider Geats: Jyamato Awaking,8.0,74000,54m,Action
Aho Vikramaarka,7.4,54000,2h 16m,Action
Villain - Life of a Gangster,8.9,156000,2h 21m,Action
Warning 2,7.1,887000,2h 5m,Action
Holy Punch,5.2,48000,1h 38m,Action
Iddaru,8.8,297000,2h 28m,Action
Ultraman Blazar the Movie: Tokyo Kaiju Showdown,7.5,86000,1h 15m,Action
The Escapee 3: The Final Escape,2.6,64000,1h 23m,Action
Pungut,6.7,11000,1h 40m,Action
Hain,2.9,45000,1h 35m,Action
Rode College,6.6,429000,2h 48m,Action
Roxana,3.8,66000,1h 38m,Action
Neo-Dome,6.7,17000,15m,Action
Artist Unknown,8.7,17000,1h 22m,Action
Naa Saami Ranga,4.5,0,2h 30m,Action
GATAO: Like Father Like Son,6.8,70000,1h 40m,Action
Inanimate Insanity II: The Movie,8.4,231000,1h 46m,Action
Rocky and Bullwinkle,9.1,12000,1h 40m,Action
Crypto Storm,4.8,34000,1h 41m,Action
Raktaksha,8.2,0,1h 58m,Action
Raanti,6.6,0,1h 55m,Action
Election,5.9,809000,2h,Action
Chaari 111,4.8,258000,2h 10m,Action
Hakkenden,5.8,75000,2h 29m,Action
Dr. Jason II - Lights & Shadows,4.9,328000,1h 2m,Action
Played,6.2,11000,1h 36m,Action
Naag Bhoomi,5.7,8000,2h 10m,Action
Thankamani,4.6,229000,2h 36m,Action
Breaking Tradition,6.9,26000,1h 27m,Action
Thiragabadara Saami,6.4,96000,1h 55m,Action
Abudeka Is Back,5.3,34000,2h,Action
Abnormal: Buas,5.6,26000,1h 30m,Action
Krishnamma,6.2,366000,2h 18m,Action
"Silex and the City, le film",4.9,50000,1h 17m,Action
Slide or Die the Movie,9.2,8000,2h 7m,Action
Appu,8.6,181000,1h 32m,Action
Hide and Seek,8.0,55000,2h 10m,Action
Killer Ex,3.9,52000,1h 34m,Action
Nenu Keerthana,8.9,0,2h 35m,Action
Haraa,5.4,0,2h 16m,Action
Mother Mafia,3.3,48000,1h 20m,Action
Shri Swapankumarer Badami Hyenar Kobole,5.6,324000,2h 26m,Action
Anthima Theerpu,7.0,0,2h 13m,Action
Charlotte Link - Ohne Schuld,5.5,41000,1h 29m,Action
Sarangadhariya,8.4,0,2h 30m,Action
Blocking the Horse,5.8,14000,1h 34m,Action
Nothing Unusual,9.7,12000,1h 32m,Action
The Mystery of Humanoid Puppet,6.7,61000,1h 28m,Action
Mobile Suit Gundam: Silver Phantom,6.1,13000,1h 30m,Action
Nasha Jurm Aur Gangsters,6.6,0,2h 17m,Action
The SML YTP Movie 2: Dimension Trouble,8.3,13000,1h 34m,Action
Happy Dragons,4.9,9000,1h 37m,Action
Surge of Power: Where There's Smoke,6.5,13000,1h 8m,Action
Joshua: Imai Pol Kaka,4.5,587000,2h 10m,Action
Ajay Gadu,7.1,0,1h 48m,Action
Di Renjie: Tongtian xuan an,7.2,16000,1h 25m,Action
Rock 'n' Roll Ringo,6.3,54000,1h 41m,Action
Reeza GTR,7.4,14000,1h 31m,Action
Snowstorm,4.5,6000,1h 31m,Action
Cândido,6.3,61000,1h 39m,Action
Chhota Bheem and the Curse of Damyaan,4.8,0,2h 25m,Action
Fights Break Sphere 3,4.7,8000,1h 21m,Action
Supplier Shankara,9.3,71000,2h 43m,Action
Shockwaves 2,2.8,147000,1h 19m,Action
Wilhelm Gustloff,8.7,8000,1h 50m,Action
Chinatown Chacha,5.1,56000,1h 43m,Action
Surrender,7.8,15000,2h 29m,Action
Bullet,9.0,569000,2h 11m,Action
E-mail,5.4,805000,1h 59m,Action
Kill the Children first,7.8,26000,1h 46m,Action
Inkabi,4.7,79000,1h 41m,Action
Joy Hanu Man,8.9,25000,2h 23m,Action
The Bodyguard,6.6,29000,1h 27m,Action
Bloodlust,8.2,11000,1h 37m,Action
Lorry Chapter-1,5.7,0,3h 3m,Action
Joachim and the Apocalypse,7.2,13000,1h 30m,Action
Operation Star,7.6,23000,1h 42m,Action
El Duro,5.4,14000,1h 30m,Action
Mercy Killing,8.7,0,2h 11m,Action
Dangerous Boys 2,5.1,9000,1h 55m,Action
Be Forever Yamato: Rebel 3199: Part 1: Dark Invasion,7.0,9000,50m,Action
Operation Wakaliga: Fate and Blood,6.7,11000,1h 6m,Action
Zoloto Umalty,4.9,109000,1h 49m,Action
Yao Shen Ling,6.7,66000,1h 33m,Action
Ugravatara,7.9,552000,2h 2m,Action
Hope & Glory,6.6,145000,44m,Action
Kiyma: Orman Kanunlari,4.5,36000,1h 21m,Action
Jigar,7.1,18000,2h 2m,Action
Jurassic Exorcist,3.8,23000,1h 16m,Action
The Dragon's Tomb,6.8,52000,1h 17m,Action
Codename: Devil,5.4,5000,1h 44m,Action
Zhi Bao,5.7,17000,1h 40m,Action
Halloween: Mal Eterno,8.2,224000,50m,Action
Kreem,6.8,128000,1h 55m,Action
Opportunity,8.9,91000,1h 36m,Action
Kohinoor,8.1,22000,1h 59m,Action
Framed,4.9,69000,Not Rated,Action
Vey Dharuvey,6.4,0,2h 7m,Action
Mirg,6.1,36000,1h 23m,Action
The Very Last Christmas,8.5,12000,1h 15m,Action
Sith Wars: Episódio III - Fantasmas Dos Sith,8.6,114000,1h 39m,Action
Inherited,9.5,21000,1h 16m,Action
The Drunken Prodigy,5.6,15000,1h 47m,Action
The Delegator,4.2,17000,1h 36m,Action
Skhvatka,5.2,23000,1h 47m,Action
Inexternal,3.2,19000,1h 23m,Action
The Journey of Flower,3.9,26000,1h 37m,Action
The Correct Way of Youth,9.3,782000,1h 30m,Action
Achilles Curse and the Curse of Treasure,7.4,25000,2h 5m,Action
Hocus Focus,7.9,19000,1h 25m,Action
Dhil Raja,8.7,136000,1h 46m,Action
Raja 420,6.1,21000,1h 21m,Action
The Bottom Line,6.5,12000,1h 47m,Action
Ohsama Sentai King-Ohger vs. Donbrothers,6.8,37000,26m,Action
Combat Code: Hunt,7.4,17000,1h 16m,Action
Big Brother,8.5,0,1h 55m,Action
Kaveri,6.5,0,1h 41m,Action
Common Creed: Trafficking,6.7,8000,1h 46m,Action
Give Me Babies,6.7,6000,23m,Action
Agent 86,6.7,6000,1h 27m,Action
Gull Lake Vice II: The Delusion Continues,8.2,16000,58m,Action
Usire Usire,7.5,0,2h 31m,Action
Janna Endoro,8.1,15000,2h,Action
Dead Hand,4.1,75000,1h 32m,Action
Firework,6.2,13000,1h,Action
Day of the Diesels,7.7,10000,1h 40m,Action
Kaale Angrej,5.5,17000,2h 11m,Action
Break War,2.4,14000,1h 26m,Action
Klaantha,6.2,518000,1h 47m,Action
Runnin' from Wolves,7.2,10000,2h 13m,Action
Mavr,7.5,6000,1h 23m,Action
Premalo,7.3,0,2h 8m,Action
Dheera,7.9,0,2h 3m,Action
Mr. Natwarlal,7.6,779000,2h 10m,Action
Me and the Dragon's Daughter,5.2,10000,1h 15m,Action
Heavens: The Boy and His Robot,6.3,22000,1h 38m,Action
Max Beyond,6.6,17000,1h 33m,Action
Gally Gang Stars,9.0,0,2h 37m,Action
Rudra: The Beginning,9.4,38000,2h 15m,Action
Seetha Kalyana Vaibhogame,8.6,0,2h 26m,Action
Rooban,6.5,281000,2h 5m,Action
Sathyam,7.1,8000,2h 14m,Action
Vorovka,4.8,51000,1h 30m,Action
Death Game,5.2,14000,1h 27m,Action
Kade,6.7,16000,1h 32m,Action
Atu Nuvve Itu Nuvve,6.5,12000,2h 3m,Action
Lolipop Gang,3.6,6000,1h 30m,Action
Useful Idiots,8.3,19000,1h 32m,Action
The Deal,8.5,26000,2h 10m,Action
Re Xue Ran Shao,4.2,18000,1h 53m,Action
Opasni shmatki,5.3,30000,1h 32m,Action
Vi possiamo salvare,2.7,103000,1h 29m,Action
Seven Heroes Beat the Monster,6.8,51000,1h 29m,Action
Jiwa 8 Belas,5.0,19000,1h 26m,Action
Gintama the Movie 2D: Courtesan of the Nation Arc,7.8,5000,1h 49m,Action
Riddle of the Shadow Lotus,6.3,53000,1h 32m,Action
AK47,7.2,14000,2h 26m,Action
Battling to Survive,7.0,53000,1h 14m,Action
Guxim,7.7,34000,1h 15m,Action
Leha,2.3,42000,1h 38m,Action
Guns Blazin,7.1,9000,1h 28m,Action
The ShortCut,7.7,0,2h 18m,Action
SMB-plush presents trick or death,8.8,16000,2h,Action
La Tamalera,8.2,9000,1h 55m,Action
Roudhra Rupaya,7.6,0,2h 12m,Action
Jimmy's Friends,7.0,11000,1h 34m,Action
Dirty Fellow,6.9,0,1h 59m,Action
S-99,8.7,0,1h 59m,Action
Dheera Bhagat Roy,8.6,0,2h 30m,Action
Tranquility: Ghost Stories,7.6,53000,1h 28m,Action
Blood Vendetta,7.7,236000,1h 30m,Action
The Winter Prophecy,7.9,13000,52m,Action
Three Old Captors,7.0,50000,1h 34m,Action
Mahserin Üç Delisi,5.9,16000,1h 18m,Action
Oversteer,4.9,18000,1h 26m,Action
A Reel Heist,5.2,58000,1h 56m,Action
StarGazer: The Need of the Many,5.0,9000,47m,Action
No Man Standing,8.6,11000,1h 33m,Action
Kallu Compound 1995,8.0,0,2h 20m,Action
Siete Vidas - El Levanton,9.6,5000,45m,Action
The Kills,8.8,9000,1h 10m,Action
Yentha Panichesav Chanti,9.5,85000,2h 15m,Action
Sesh Bazi,6.2,10000,2h 12m,Action
Urban Vengeance,5.2,11000,1h 19m,Action
Travesty,6.4,5000,1h 18m,Action
Kyle and the Last Emerald 2,8.4,7000,15m,Action
Krapiva: Tsvetok smerti,6.1,56000,1h 21m,Action
Best Cop Ever,4.3,49000,2h 2m,Action
Daanvi,1.7,7000,1h 57m,Action
The Mirage,8.9,10000,1h 46m,Action
Anger,8.8,18000,1h 23m,Action
The Overseas Killer,6.4,52000,1h 44m,Action
War with the Evil,6.3,52000,1h 25m,Action
Passazhiry,4.5,32000,1h 20m,Action
The Domino File,4.7,7000,1h 42m,Action
Speed Fight,6.8,52000,1h 27m,Action
Faster: Only one lap,7.1,23000,1h 30m,Action
Cholay,8.6,56000,1h,Action
Isle: Alpha One,8.4,7000,1h 37m,Action
Out of the Shadow,6.5,6000,1h 29m,Action
"La Protegida, La Película",9.3,16000,1h 7m,Action
Pithala Maathi,7.6,848000,2h 20m,Action
Bad Ass Sista,6.9,8000,1h 20m,Action
PW V: Tears of the Fallen,8.2,11000,1h,Action
Full Clip for a Snitch,3.9,18000,1h 15m,Action
S-99,8.7,0,1h 59m,Action
Kyle and the Last Emerald,5.5,18000,20m,Action
The Vent,8.9,14000,3m,Action
Zen Fist,7.2,8000,45m,Action
Piri Reis: The Incredible Chart,6.9,22000,2h 18m,Action
Captain Superb and the Angel of Destiny,3.3,14000,2h,Action
Xiao zi,3.5,12000,1h 41m,Action
Los Hijos De Camelia y Emilio,6.4,26000,1h 22m,Action
Las Hermanas Del Cartel,8.2,5000,1h 31m,Action
Spider-Man: Dimension Rift,8.4,13000,2h 7m,Action
Luna de Hiel,5.6,18000,1h 23m,Action
Duelo De Capos,6.4,26000,1h 23m,Action
Drunken Swordsman,6.7,50000,1h 31m,Action
Whispers of the Imperial City,6.8,53000,1h 30m,Action
Po du xing dong,6.8,5000,1h 19m,Action
Mandya Haida,6.2,236000,2h 19m,Action
Bring Back the Colour,5.9,7000,47m,Action
El Cartel De Teresa,8.0,9000,1h 36m,Action
The End of Hen,9.8,10000,1h 7m,Action
Gadha17,8.0,11000,1h 30m,Action
Killer Lee,1.9,9000,1h 27m,Action
Bush Knife,7.0,7000,1h 30m,Action
Sehnsucht nach Firdaws,8.5,6000,1h 43m,Action
Lealtad o Morir,8.2,9000,1h 27m,Action
Jefa De Jefas,8.2,9000,1h 22m,Action
Mufasa: The Lion King,6.6,0,1h 58m,Animation
Moana 2,6.6,0,1h 40m,Animation
Flow,7.9,0,1h 25m,Animation
The Wild Robot,8.2,0,1h 42m,Animation
Transformers One,7.6,0,1h 44m,Animation
Despicable Me 4,6.2,0,1h 34m,Animation
The Day the Earth Blew Up: A Looney Tunes Movie,7.0,0,1h 31m,Animation
Inside Out 2,7.5,0,1h 36m,Animation
The Lord of the Rings: The War of the Rohirrim,6.3,0,2h 14m,Animation
IF,6.4,0,1h 44m,Animation
Solo Leveling: ReAwakening,8.7,0,2h 1m,Animation
Kung Fu Panda 4,6.3,0,1h 34m,Animation
Memoir of a Snail,7.8,0,1h 35m,Animation
The Garfield Movie,5.7,0,1h 41m,Animation
Harold and the Purple Crayon,5.7,0,1h 30m,Animation
Attack on Titan the Movie: The Last Attack,9.2,0,2h 25m,Animation
Watchmen: Chapter I,7.0,0,1h 23m,Animation
Wallace & Gromit: Vengeance Most Fowl,7.5,0,1h 22m,Animation
Spellbound,5.5,0,1h 49m,Animation
Night of the Zoopocalypse,6.0,635000,1h 31m,Animation
Spermageddon,5.8,801000,1h 20m,Animation
Look Back,7.8,0,58m,Animation
Hitpig,5.1,937000,1h 26m,Animation
Piece by Piece,6.9,0,1h 33m,Animation
Watchmen: Chapter II,7.0,0,1h 30m,Animation
Thelma the Unicorn,5.7,0,1h 33m,Animation
Buffalo Kids,6.6,687000,1h 33m,Animation
The Most Precious of Cargoes,7.1,960000,1h 21m,Animation
Megamind vs. The Doom Syndicate,2.5,0,1h 23m,Animation
Orion and the Dark,6.3,0,1h 33m,Animation
The Remarkable Life of Ibelin,8.2,0,1h 43m,Animation
Justice League: Crisis on Infinite Earths - Part One,6.2,0,1h 33m,Animation
Justice League: Crisis on Infinite Earths - Part Three,6.1,0,1h 34m,Animation
My Hero Academia: You're Next,7.0,0,1h 50m,Animation
That Christmas,6.8,0,1h 31m,Animation
Ultraman: Rising,6.9,0,1h 57m,Animation
Demon Slayer: Kimetsu No Yaiba - To the Hashira Training,7.1,0,1h 44m,Animation
The Glassworker,7.3,0,1h 38m,Animation
Dan Da Dan: First Encounter,8.2,0,1h 23m,Animation
Woody Woodpecker Goes to Camp,4.5,0,1h 40m,Animation
Grand Theft Hamlet,6.9,0,1h 29m,Animation
Saving Bikini Bottom: The Sandy Cheeks Movie,3.7,0,1h 22m,Animation
10 Lives,5.9,0,1h 28m,Animation
Doraemon the Movie: Nobita's Earth Symphony,6.6,0,1h 55m,Animation
Dragonkeeper,5.7,0,1h 38m,Animation
Limonov: The Ballad of Eddie,6.0,795000,2h 18m,Animation
The Colors Within,7.1,965000,1h 41m,Animation
Mars,7.9,23000,1h 24m,Animation
Justice League: Crisis on Infinite Earths - Part Two,5.5,0,1h 34m,Animation
200% Wolf,5.9,0,1h 38m,Animation
Johnny Puff: Secret Mission,4.8,451000,1h 27m,Animation
Bloody Escape: Bats out of Hell,5.6,47000,1h 40m,Animation
The Tiger's Apprentice,5.7,0,1h 24m,Animation
Overlord: The Sacred Kingdom,6.9,972000,2h 15m,Animation
Haikyu!! The Dumpster Battle,7.7,0,1h 25m,Animation
Panda Bear in Africa,5.5,347000,1h 24m,Animation
Crayon Shin-chan: Ora's Dinosaur Diary,6.4,352000,1h 46m,Animation
Blue Lock: Episode Nagi,6.6,0,1h 31m,Animation
Super-Charlie,5.8,121000,1h 20m,Animation
A Sloth Story,5.6,205000,1h 30m,Animation
Lesbian Space Princess,7.2,137000,1h 27m,Animation
Rebellious,6.0,195000,1h 34m,Animation
Ryan's World the Movie: Titan Universe Adventure,1.8,693000,1h 20m,Animation
The Night Before Christmas in Wonderland,6.3,516000,1h 20m,Animation
Given 3: To the Sea,8.8,57000,1h 20m,Animation
Elli and the Ghostly Ghost Train,5.1,99000,1h 26m,Animation
Re: Zero - Starting Life in Another World- Season 3 Episode 1 90-minute Special 'Theatrical Malice',8.8,0,1h 30m,Animation
Frida,7.5,0,1h 27m,Animation
Sanatorium Under the Sign of the Hourglass,5.4,116000,1h 15m,Animation
Noah's Ark,4.3,659000,1h 36m,Animation
Savages,6.8,334000,1h 27m,Animation
Dongeng Sang Kancil,6.7,173000,1h 39m,Animation
Gracie and Pedro: Pets to the Rescue,5.1,274000,1h 27m,Animation
The Quintessential Quintuplets Specials 2,7.0,127000,46m,Animation
Mononoke the Movie: The Phantom in the Rain,6.8,0,1h 29m,Animation
Big City Greens the Movie: Spacecation,6.2,542000,1h 23m,Animation
White Snake: Afloat,6.9,474000,2h 13m,Animation
Living Large,7.0,121000,1h 20m,Animation
No Time to Spy: A Loud House Movie,6.4,449000,1h 21m,Animation
Movie Given Hiiragi Mix.,7.5,172000,1h 10m,Animation
Kvitebjørn,5.9,61000,1h 25m,Animation
Exorcism Chronicles: The Beginning,7.2,97000,1h 25m,Animation
Dalia y el Libro Rojo,6.5,91000,1h 47m,Animation
Bocchi the Rock! Recap Part 1,7.6,162000,1h 30m,Animation
Fureru,6.3,34000,1h 47m,Animation
Detective Conan: The Million-Dollar Pentagram,6.7,0,1h 51m,Animation
"Die Heinzels: Neue Mützen, Neue Mission",6.4,90000,1h 16m,Animation
My Freaky Family,6.3,406000,1h 26m,Animation
Ghost Cat Anzu,6.5,766000,1h 37m,Animation
Out of the Nest,6.5,111000,1h 24m,Animation
From Ground Zero,8.0,534000,1h 52m,Animation
My Oni Girl,6.0,0,1h 52m,Animation
"Maya, donne-moi un titre",6.4,52000,1h 1m,Animation
Rafadan Tayfa: Kapadokya,6.7,119000,1h 24m,Animation
SuperKlaus,4.3,202000,1h 28m,Animation
Heartsping : Teenieping of Love,7.1,24000,TV-Y,Animation
Mobile Suit Gundam SEED Freedom,6.6,952000,2h 4m,Animation
Diplodocus,6.3,177000,1h 30m,Animation
Baki Hanma VS Kengan Ashura,5.7,0,1h 2m,Animation
Hola Frida,7.1,29000,1h 22m,Animation
Kizumonogatari: Koyomi Vamp,7.0,89000,2h 24m,Animation
Si Juki the Movie: Harta Pulau Monyet,6.0,116000,1h 47m,Animation
Storm Crashers,6.2,563000,1h 28m,Animation
Boys Go to Jupiter,6.9,96000,1h 30m,Animation
The Casagrandes Movie,5.6,667000,1h 29m,Animation
Sabbath Queen,8.0,64000,1h 45m,Animation
STEVE (A Minecraft Movie),6.9,12000,1h 1m,Animation
Fox & Hare Save the Forest,5.9,201000,1h 11m,Animation
The Proud Princess,6.7,112000,1h 24m,Animation
Abá e Sua Banda,7.0,9000,1h 24m,Animation
Angelo dans la forêt mystérieuse,6.0,124000,1h 21m,Animation
Shrek 5: The Contract - A Fan Made Film,7.0,19000,1h 24m,Animation
Jon Vardar protiv Galaksijata,8.1,75000,1h 26m,Animation
The Lost Tiger,7.9,45000,1h 30m,Animation
Bocchi the Rock! Re: Re:,7.9,103000,1h 17m,Animation
Nintama Rantaro Dokutake Ninja-tai Saikyou no Gunshi,7.0,20000,1h 30m,Animation
(S)KiDS,9.7,98000,1h 25m,Animation
TWST: Things We Said Today,7.0,46000,1h 26m,Animation
Peppa's Cinema Party,5.0,155000,1h 5m,Animation
God with Three Eyes,6.1,14000,1h 52m,Animation
Olivia & the Clouds,7.2,49000,1h 21m,Animation
I Am What I Am 2,7.5,203000,2h 14m,Animation
The Big Trip 3: Race Around the World,5.6,59000,1h 25m,Animation
Zak & Wowo: The Legend of Lendarys,5.7,96000,1h 25m,Animation
Transformers Prime: Galavatron's Revenge,3.7,9000,1h 44m,Animation
Mustafa,6.9,72000,1h 15m,Animation
Niko: Beyond the Northern Lights,6.2,333000,1h 26m,Animation
Benjamin Bat,8.0,29000,1h 15m,Animation
Tobias and the Arcane Merchant,9.0,43000,2h 47m,Animation
Schirkoa: In Lies We Trust,5.6,158000,1h 43m,Animation
Luntik. Vozvrashchenie domoy,6.4,75000,TV-Y,Animation
Dragon Ball Z Kai,8.5,71000,1h 22m,Animation
Trapezium,6.3,151000,1h 42m,Animation
Little Emma,5.8,113000,1h 46m,Animation
Dead Dead Demon's Dededede Destruction,7.0,145000,2h,Animation
Uma Musume: Pretty Derby - Beginning of a New Era,7.3,120000,1h 48m,Animation
Rock Bottom,6.9,43000,1h 26m,Animation
Askepote,3.5,82000,1h 12m,Animation
Captain Avispa,5.8,176000,1h 36m,Animation
Boonie Bears: Time Twist,6.0,167000,1h 45m,Animation
Yumi's Cells: The Movie,6.2,49000,1h 33m,Animation
Slocum et moi,7.3,73000,1h 15m,Animation
Mariposas Negras,7.2,51000,1h 23m,Animation
Woolina and the No Birds,8.2,47000,1h 20m,Animation
Tay 2: Ebabil Takimi,5.2,38000,1h 18m,Animation
A Few Moments of Cheers,7.1,39000,1h 8m,Animation
The Storm,6.0,139000,1h 42m,Animation
Fuuto PI: Portrait of Kamen Rider Skull,7.5,42000,1h 22m,Animation
Il segreto di Liberato,7.3,217000,1h 30m,Animation
"Robotia, the Movie",7.7,29000,1h 26m,Animation
Quo Vadis,6.6,507000,1h 30m,Animation
Masha i Medved v kino: Park chudes,7.6,17000,58m,Animation
Dikkie Dik en de Verdwenen Knuffel,7.3,130000,1h 2m,Animation
The Worlds Divide,8.1,39000,2h,Animation
Inanimate Insanity II: The Movie,8.4,231000,1h 46m,Animation
Transformers: 40th Anniversary Event,7.2,28000,1h 36m,Animation
PAPmusic - Animation for Fashion,1.0,136000,1h 25m,Animation
Kuramerukagari,5.8,80000,1h 1m,Animation
Bizarros Peixes das Fossas Abissais,8.1,13000,1h 15m,Animation
Rocky and Bullwinkle,9.1,12000,1h 40m,Animation
Pui Pui Molcar the Movie: Molmax,7.0,9000,1h 9m,Animation
Tri kota. Zimnie kanikuly,6.5,30000,1h 5m,Animation
Motu Patlu & The Race to the Diamond Valley,7.8,27000,1h 12m,Animation
Nie Xiaoqian,6.2,17000,1h 52m,Animation
Code Geass: Rozé of the Recapture - Part 1,7.6,42000,1h 14m,Animation
The Formula for Water,4.5,31000,1h 26m,Animation
Animal Tales of Christmas Magic,6.8,50000,1h 12m,Animation
Meitantei Conan Bâsasu Kaitô Kiddo,6.1,161000,1h 21m,Animation
Motu Patlu & The Rise of Zombies,6.6,15000,1h 14m,Animation
Dikkie Dik 2: Een Nieuwe Vriend voor Dikkie Dik,7.4,72000,1h 10m,Animation
Nature Cat's Nature Movie Special Extraordinaire,7.3,19000,53m,Animation
Wonderful Precure! The Movie! Doki Doki Game no Sekai de Daiboken,7.0,34000,1h 11m,Animation
Sunburnt Unicorn,7.7,13000,1h 21m,Animation
Rocket Club: Across the Cosmos,8.4,19000,1h 8m,Animation
Nothing Unusual,9.7,12000,1h 32m,Animation
Double Tuckerr,4.9,0,2h,Animation
Steal the Naughty List,6.4,119000,1h 30m,Animation
Le parfum d'Irak,8.1,42000,1h 35m,Animation
Into the Mortal World,6.8,154000,1h 58m,Animation
Norbert,6.6,12000,1h 15m,Animation
The Umbrella Fairy,5.5,54000,1h 35m,Animation
Maxxie LaWow: Drag Super-shero,8.7,58000,1h 54m,Animation
"Silex and the City, le film",4.9,50000,1h 17m,Animation
Hello My Beautiful Creatures,6.8,170000,2h 22m,Animation
The Greatest Surf Movie in the Universe,5.4,8000,1h 21m,Animation
Bob a Bobek ve filmu: Na stope Mrkvojeda,7.8,22000,1h 20m,Animation
Tri bogatyrya. Ni dnya bez podviga,5.7,67000,1h 1m,Animation
Dead Dead Demon's Dededede Destruction Zenpen,7.1,140000,2h,Animation
Riki Rhino: The Bird Kingdom,5.1,24000,1h 49m,Animation
The Delegator,4.2,17000,1h 36m,Animation
Appu,8.6,181000,1h 32m,Animation
Uma & Haggen: Mitos,7.5,46000,1h 34m,Animation
Astra,6.8,8000,1h 20m,Animation
Mobile Suit Gundam: Silver Phantom,6.1,13000,1h 30m,Animation
2475 Dawn of Revolution,6.3,152000,2h 7m,Animation
Code Geass: Rozé of the Recapture: Part 2,7.8,28000,1h 16m,Animation
Gujeyeog-eseo sal-a dol-aon dwaeji,5.1,10000,1h 45m,Animation
Velký Pán,7.0,8000,1h 13m,Animation
Bartali's Bicycle,7.8,5000,1h 20m,Animation
Be Forever Yamato: Rebel 3199: Part 1: Dark Invasion,7.0,9000,50m,Animation
Sirds likums,6.8,17000,1h 5m,Animation
Code Geass: Rozé of the Recapture: Part 3,7.4,25000,1h 16m,Animation
The Ballad of Straw Hat Sam,9.2,10000,45m,Animation
Love Live! Nijigasaki High School Idol Club Final Chapter Part 1,7.3,13000,59m,Animation
Lilla spöket Laban spökar igen,6.2,26000,44m,Animation
Max Beyond,6.6,17000,1h 33m,Animation
The Car Acrobatic Team Saga,7.2,11000,1h 52m,Animation
Code Geass: Rozé of the Recapture: Part 4,6.6,15000,1h 10m,Animation
Pleasant Goat and Big Big Wolf: The World Guardians,7.2,13000,1h 36m,Animation
Zuzubalândia: O Filme,5.6,10000,1h,Animation
Luv You Shankar,5.8,44000,2h,Animation
Arne Alligator och djungelkompisarna,4.6,48000,1h 1m,Animation
Day of the Diesels,7.7,10000,1h 40m,Animation
Ninja Doomscrolling,8.1,102000,1h 36m,Animation
Ya Boy Kongming! Road to Summer Sonia,7.5,39000,1h 59m,Animation
Let's Go! Anpanman: Baikinman and Lulun,6.5,7000,1h 4m,Animation
Ugly Sweater,7.1,13000,1h 20m,Animation
Gintama the Movie 2D: Courtesan of the Nation Arc,7.8,5000,1h 49m,Animation
Nasreddin Hoca: Zaman Yolcusu - Kadim Medeniyetler,7.7,12000,1h 18m,Animation
Terra Incognita 1901,9.2,14000,1h 18m,Animation
Turbozavry. God drakona,9.2,43000,48m,Animation
LUDA,7.2,6000,1h 26m,Animation
Ekip: Siberay - Günes Firtinasi,6.0,14000,1h 12m,Animation
"Hey, Tete",6.4,9000,2h 31m,Animation
Skazochnyy patrul. Shou prodolzhayetsya,7.2,11000,1h 5m,Animation
Isle: Alpha One,8.4,7000,1h 37m,Animation
Bie ba zuo wen dang hui shi er,7.2,11000,1h 29m,Animation
Young doctor's notes,2.4,5000,1h 26m,Animation
The Order,6.8,0,1h 56m,Crime
The Beekeeper,6.3,0,1h 45m,Crime
Trap,5.8,0,1h 45m,Crime
Longlegs,6.6,0,1h 41m,Crime
Juror #2,7.0,0,1h 54m,Crime
Freaky Tales,7.2,0,1h 47m,Crime
Carry-On,6.5,0,1h 59m,Crime
The Crow,4.7,0,1h 51m,Crime
Despicable Me 4,6.2,0,1h 34m,Crime
Wolfs,6.5,0,1h 48m,Crime
Greedy People,6.2,0,1h 52m,Crime
MaXXXine,6.2,0,1h 43m,Crime
Rebel Ridge,6.8,0,2h 11m,Crime
Dead Mail,6.0,684000,1h 46m,Crime
Pushpa: The Rule - Part 2,6.1,0,3h 21m,Crime
Emilia Pérez,5.4,0,2h 12m,Crime
The Girl with the Needle,7.5,0,2h 3m,Crime
Lucky Baskhar,8.0,0,2h 28m,Crime
Absolution,5.2,0,1h 52m,Crime
Bad Boys: Ride or Die,6.5,0,1h 55m,Crime
Love Lies Bleeding,6.6,0,1h 44m,Crime
Riff Raff,5.7,0,1h 43m,Crime
Lake George,6.4,0,1h 58m,Crime
Monkey Man,6.8,0,2h 1m,Crime
The Instigators,6.2,0,1h 41m,Crime
The Seed of the Sacred Fig,7.6,0,2h 47m,Crime
Beverly Hills Cop: Axel F,6.4,0,1h 58m,Crime
Lift,5.5,0,1h 47m,Crime
Maharaja,8.4,0,2h 21m,Crime
Sleeping Dogs,6.2,0,1h 50m,Crime
Santosh,7.1,0,2h 8m,Crime
Jafaican,6.4,6000,1h 41m,Crime
Toofan,7.4,0,2h 25m,Crime
Marco,6.8,0,2h 25m,Crime
The Thicket,5.8,0,1h 48m,Crime
Trigger Warning,4.6,0,1h 46m,Crime
Armor,3.6,0,1h 29m,Crime
Long Gone Heroes,5.2,0,1h 41m,Crime
Trouble,6.2,0,1h 38m,Crime
Beating Hearts,7.0,0,2h 46m,Crime
Killer Heat,5.6,0,1h 35m,Crime
Twilight of the Warriors: Walled In,7.0,0,2h 6m,Crime
Brothers,5.4,0,1h 29m,Crime
The Shadow Strays,6.5,0,2h 24m,Crime
Duchess,4.6,0,1h 54m,Crime
The Silent Hour,6.1,0,1h 39m,Crime
Colors of Evil: Red,6.4,0,1h 51m,Crime
Blackwater Lane,4.6,0,1h 48m,Crime
Force of Nature: The Dry 2,5.8,0,2h,Crime
Misericordia,6.9,0,1h 44m,Crime
Do Patti,6.4,0,2h 6m,Crime
Hitpig,5.1,937000,1h 26m,Crime
Dead Sea,5.2,0,1h 28m,Crime
Harbin,6.3,637000,1h 48m,Crime
Boneyard,4.1,0,1h 36m,Crime
Damaged,4.7,0,1h 37m,Crime
My Fault,4.2,0,2h,Crime
Bangkok Dog,4.8,195000,1h 25m,Crime
Megamind vs. The Doom Syndicate,2.5,0,1h 23m,Crime
The Unholy Trinity,7.9,53000,1h 33m,Crime
The Calendar Killer,5.4,0,1h 37m,Crime
5lbs of Pressure,5.2,0,1h 51m,Crime
Detained,4.9,0,1h 37m,Crime
The Trainer,7.0,54000,1h 35m,Crime
Sector 36,7.1,0,2h 3m,Crime
Justice,6.3,0,1h 53m,Crime
Baby John,5.2,0,2h 39m,Crime
The Courier,6.0,0,1h 41m,Crime
Viduthalai Part 2,7.9,0,2h 50m,Crime
The Thundermans Return,5.0,0,1h 10m,Crime
Revolver,5.4,865000,1h 54m,Crime
Singham Again,4.7,0,2h 24m,Crime
Thalavan,7.2,0,2h 11m,Crime
The Roundup: Punishment,6.6,0,1h 49m,Crime
Sikandar Ka Muqaddar,6.0,0,2h 22m,Crime
Darkness of Man,4.8,0,1h 49m,Crime
Jönssonligan kommer tillbaka,5.9,0,1h 44m,Crime
The Quiet Ones,6.4,688000,1h 50m,Crime
"I, the Executioner",6.3,0,1h 58m,Crime
Jigra,6.0,0,2h 33m,Crime
Badland Hunters,5.9,0,1h 47m,Crime
Depravity,4.3,991000,1h 57m,Crime
Reputation,9.3,9000,1h 23m,Crime
Inside,7.0,235000,1h 44m,Crime
Code 8: Part II,5.7,0,1h 40m,Crime
Golam,7.2,0,2h,Crime
The Clean Up Crew,4.1,0,1h 35m,Crime
Strictly Confidential,2.8,851000,1h 34m,Crime
Officer Black Belt,6.8,0,1h 48m,Crime
Maharaj,6.5,0,2h 11m,Crime
The Kingdom,6.9,763000,1h 52m,Crime
Døde menn går på ski,5.2,290000,1h 29m,Crime
Marmalade,6.3,0,1h 39m,Crime
Drugstore June,5.4,0,1h 31m,Crime
El Jockey,6.4,0,1h 36m,Crime
Pani,6.9,0,2h 23m,Crime
Maldoror,7.0,613000,2h 35m,Crime
Midnight Taxi,5.7,75000,1h 37m,Crime
The Soul Eater,5.9,0,1h 48m,Crime
Bogota: City of the Lost,5.4,0,1h 48m,Crime
Ride,5.9,393000,1h 54m,Crime
Case of Kondana,5.8,601000,2h 23m,Crime
Cult Killer,4.8,0,1h 45m,Crime
Guns & Moses,8.1,44000,1h 34m,Crime
King Ivory,7.3,63000,2h 10m,Crime
Ulajh,6.0,0,2h 30m,Crime
Barron's Cove,8.1,30000,1h 56m,Crime
Lover Stalker Killer,7.0,0,1h 30m,Crime
Compulsion,6.3,13000,1h 34m,Crime
What Jennifer Did,6.1,0,1h 27m,Crime
Bougainvillea,6.4,0,2h 18m,Crime
Savi,6.1,0,2h 6m,Crime
Anweshippin Kandethum,7.4,0,2h 22m,Crime
City Hunter,6.3,0,1h 42m,Crime
Sicilian Letters,6.1,705000,2h 2m,Crime
Laws of Man,5.2,0,1h 38m,Crime
Dead Wrong,3.9,258000,1h 44m,Crime
Sorgavaasal,6.6,0,2h 18m,Crime
Broken Rage,6.1,0,1h 2m,Crime
Boundless,5.6,0,2h 1m,Crime
Saripodhaa Sanivaaram,7.0,0,2h 46m,Crime
The Pee Pee Poo Poo Man,8.3,25000,1h 19m,Crime
To a Land Unknown,7.3,500000,1h 45m,Crime
Freedom,5.9,0,1h 50m,Crime
Untamed Royals,4.6,640000,1h 39m,Crime
Jailbreak: Love on the Run,6.4,0,1h 28m,Crime
First Shift,4.5,0,1h 29m,Crime
Hijack 1971,6.8,0,1h 40m,Crime
Io e te dobbiamo parlare,4.2,249000,1h 35m,Crime
In Her Place,6.2,0,1h 36m,Crime
Bhakshak,7.2,0,2h 14m,Crime
Sheriff,6.9,0,2h 13m,Crime
Here Now,4.9,408000,1h 58m,Crime
Kahar: Kapla High Council,6.9,463000,1h 42m,Crime
How to Rob a Bank,6.6,0,1h 28m,Crime
The Sabarmati Report,6.4,0,2h 7m,Crime
Crescent City,3.9,0,1h 43m,Crime
In Youth We Trust,6.7,426000,2h 12m,Crime
Kingsmen,6.4,47000,1h 12m,Crime
Strangers,4.3,388000,1h 46m,Crime
Gumasthan,5.8,514000,2h 25m,Crime
Hellhound,4.3,507000,1h 43m,Crime
Bloodline Killer,3.8,0,1h 45m,Crime
Nice Girls,4.2,0,1h 32m,Crime
Vettaiyan,7.0,0,2h 43m,Crime
Wanted Man,4.8,0,1h 25m,Crime
Ferry 2,5.6,0,1h 34m,Crime
The Lockdown,4.3,610000,1h 57m,Crime
Shoutai,6.9,569000,2h,Crime
Raayan,6.5,0,2h 25m,Crime
Biggest Heist Ever,6.1,0,1h 25m,Crime
Rats!,6.5,123000,1h 25m,Crime
Two to One,6.1,728000,1h 56m,Crime
Dirty Money,5.6,134000,1h 40m,Crime
The Shameless,5.8,221000,1h 54m,Crime
Dirty Ice Cream,4.4,120000,47m,Crime
Auron Mein Kahan Dum Tha,6.5,0,2h 30m,Crime
Belle,5.8,63000,1h 40m,Crime
Dengeler,5.3,210000,2h 3m,Crime
The Birds Who Fear Death,9.2,73000,1h 42m,Crime
Citizen of a Kind,6.7,822000,1h 54m,Crime
Serpent's Path,5.8,289000,1h 52m,Crime
A Place Called Silence,6.4,0,1h 59m,Crime
Loverboy: Emoties Uit,6.4,517000,1h 38m,Crime
Amish Affair,5.5,201000,1h 26m,Crime
Peg O' My Heart,6.1,123000,1h 37m,Crime
Mission: Cross,6.1,0,1h 45m,Crime
Faultline,5.7,94000,1h 32m,Crime
Phir Aayi Hasseen Dillruba,5.8,0,2h 12m,Crime
GTMax,5.0,0,1h 40m,Crime
Last Known Location,6.1,0,1h 50m,Crime
Svemu dodje kraj,6.6,298000,1h 29m,Crime
Havnaa,7.2,242000,1h 50m,Crime
Roadkill,3.7,682000,1h 30m,Crime
They Called Him Mostly Harmless,5.9,0,1h 29m,Crime
Conquer: Lahad Datu,6.6,514000,2h,Crime
Tillu Square,6.6,0,2h 17m,Crime
Miséria,5.3,101000,1h 39m,Crime
Octopus with Broken Arms,6.1,254000,1h 49m,Crime
Nefarious,7.1,56000,1h 25m,Crime
The Park Maniac,4.8,0,1h 43m,Crime
Kaulayaw,4.1,166000,1h 35m,Crime
Anand Sreebala,6.6,0,2h 14m,Crime
Sons of Rizk 3,6.7,0,2h 5m,Crime
Scorched Earth,6.7,543000,1h 41m,Crime
The Final: Attack on Wembley,6.3,0,1h 22m,Crime
Rautu Ka Raaz,6.3,0,1h 54m,Crime
Borderless Fog,5.2,0,1h 50m,Crime
Abraham Ozler,6.6,0,2h 23m,Crime
The Smile Man,7.5,0,2h 2m,Crime
She's Got No Name,7.0,50000,2h 30m,Crime
Nunakuzhi,6.8,0,2h 5m,Crime
Road to Terzetto,7.2,35000,1h 36m,Crime
The Moon Thieves,6.1,252000,1h 48m,Crime
Bermondsey Tales: Fall of the Roman Empire,4.4,182000,1h 39m,Crime
Papa,7.5,324000,2h 11m,Crime
Cravings,1.7,10000,2h 35m,Crime
10 Days of a Curious Man,5.7,0,1h 50m,Crime
Visfot,5.7,0,2h 10m,Crime
Sayara,5.7,277000,1h 38m,Crime
Ghost Killer,7.0,76000,1h 45m,Crime
Crisis Negotiators,6.7,716000,2h,Crime
Baby Assassins: Nice Days,7.3,304000,1h 43m,Crime
A Gangster's Kiss,4.9,45000,1h 21m,Crime
The Hostage,6.0,11000,1h 27m,Crime
Lady Scorpions,3.6,367000,1h 41m,Crime
Red Night at Skye's,7.9,7000,1h 22m,Crime
The Kingdom,7.9,89000,2h 13m,Crime
Mirza: Part 1 - Joker,6.8,241000,2h 45m,Crime
Love You to Debt,6.2,759000,2h 15m,Crime
Little Jaffna,6.9,45000,1h 40m,Crime
"Rajagunj: Pooja, Sir",6.4,738000,1h 55m,Crime
Mr. Bachchan,3.6,0,2h 30m,Crime
The Experts,6.1,278000,2h 1m,Crime
Go for Broke,5.7,272000,1h 55m,Crime
Vina: Before 7 Days,5.4,594000,1h 40m,Crime
Dhakshina,5.4,0,1h 47m,Crime
Una ballena,6.1,76000,1h 48m,Crime
The Truth vs. Alex Jones,7.5,0,2h 1m,Crime
The Girl Who Wore Yellow Lace,4.5,22000,1h 22m,Crime
Nirangal Moondru,6.1,534000,2h 2m,Crime
Le Mohican,7.0,152000,1h 27m,Crime
Murder and Cocktails,4.0,361000,1h 28m,Crime
Midas,4.7,340000,1h 25m,Crime
Nahir,4.7,0,2h 2m,Crime
(Pri)sons,5.0,273000,1h 40m,Crime
Passages of Nexus,5.9,241000,1h 48m,Crime
The Plot,4.8,382000,1h 40m,Crime
Krista,5.7,50000,58m,Crime
Chris Brown: A History of Violence,5.4,317000,1h 22m,Crime
Jersey Bred,4.4,71000,1h 32m,Crime
Harom Hara,6.6,0,2h 34m,Crime
A Brothers Bond,5.1,42000,1h 43m,Crime
Killer Babes,3.5,285000,1h 34m,Crime
Hit List,5.5,313000,2h 5m,Crime
No Cap,5.6,38000,1h 48m,Crime
Operation Raavan,7.8,0,2h 27m,Crime
"MoviePass, MovieCrash",6.7,0,1h 36m,Crime
Dandupalayam,5.8,0,2h 17m,Crime
Bangkok Breaking: Heaven and Hell,5.8,667000,2h 26m,Crime
Quotation Gang Part 1,8.8,21000,1h 58m,Crime
Cookster: The Darkest Days,8.2,40000,1h 59m,Crime
Siren,6.4,0,2h 34m,Crime
Unspoken,8.2,46000,2h,Crime
The Heist,6.9,0,2h,Crime
"LSD 2: Love, Sex Aur Dhokha 2",3.8,0,1h 59m,Crime
Hunt the Wicked,5.3,113000,1h 42m,Crime
Bars,5.8,23000,2h 15m,Crime
Remedy,4.1,261000,1h 22m,Crime
Samandar,7.7,140000,2h 52m,Crime
Illusions for Sale: The Rise and Fall of Generation Zoe,6.2,644000,1h 47m,Crime
The Actor,3.4,732000,2h 8m,Crime
Metamorfosi dell'essere,7.4,80000,1h 45m,Crime
Drive,5.6,332000,1h 30m,Crime
Kondal,5.4,772000,2h 27m,Crime
Silence 2: The Night Owl Bar Shootout,6.2,0,2h 22m,Crime
ChiefsAholic: A Wolf in Chiefs Clothing,6.2,376000,2h 1m,Crime
The Epidemic,5.7,72000,1h 35m,Crime
Oppa,8.5,47000,1h 24m,Crime
Plastic Guns,6.3,618000,1h 35m,Crime
Fyre Rises,6.5,322000,1h 50m,Crime
They Turned Us Into Killers,2.7,255000,1h 26m,Crime
Bhaje Vaayu Vegam,6.1,555000,2h 16m,Crime
Andhagan,6.7,0,2h 22m,Crime
Silver Star,6.9,15000,1h 42m,Crime
Telekinesis,5.9,60000,1h 46m,Crime
Zebra,7.2,0,2h 44m,Crime
PT Sir,6.8,0,2h 10m,Crime
Silvio,3.0,512000,1h 54m,Crime
Gde nashi dengi?,6.9,13000,1h 16m,Crime
Scopophobia,5.9,50000,1h 40m,Crime
Where Is Gilgamesh?,9.0,606000,1h 30m,Crime
Filthy Animals,7.3,91000,1h 36m,Crime
Prepare to Die,4.6,234000,1h 33m,Crime
Sattam En Kaiyil,8.0,0,2h 4m,Crime
Tòkunbò,3.9,296000,1h 53m,Crime
Red,4.6,97000,1h 54m,Crime
Blackia 2,5.9,125000,2h 12m,Crime
"Hemet, or the Landlady Don't Drink Tea",4.3,88000,1h 29m,Crime
Diddy: Summit to Plummet,2.3,202000,1h,Crime
Sinful Lies,6.9,8000,1h 5m,Crime
Bastar: The Naxal Story,6.4,0,2h 4m,Crime
The Mick and the Trick,4.9,76000,1h 36m,Crime
Guess Who,4.8,366000,1h 33m,Crime
9 Windows,3.6,308000,1h 22m,Crime
Satyabhama,5.9,0,2h 12m,Crime
Troll Factory,5.8,468000,1h 49m,Crime
The Seven Sorrows of Mary,6.6,34000,1h 38m,Crime
The Desperate Chase,5.5,60000,1h 50m,Crime
Poslednji strelac,5.5,259000,1h 30m,Crime
Matka,4.7,585000,2h 36m,Crime
Gangs of Godavari,5.0,909000,2h 45m,Crime
The Shakedown,5.0,309000,1h 44m,Crime
Shu Si Yi Bo,6.7,33000,1h 31m,Crime
The Shadow,6.5,261000,1h 30m,Crime
Ballistic,2.2,161000,1h 35m,Crime
Un homme en fuite,5.4,158000,1h 46m,Crime
DNA,5.1,210000,2h 36m,Crime
Young Lion of the West,5.2,108000,1h 33m,Crime
Yalakunni,8.8,167000,2h 15m,Crime
RapeD,7.0,28000,1h 45m,Crime
Dead Man,5.1,206000,1h 49m,Crime
Mathu Vadalara 2,7.0,0,2h 19m,Crime
Vares X,3.7,120000,1h 25m,Crime
Saindhav,5.1,0,2h 18m,Crime
The Worst Man in London,5.7,146000,2h 7m,Crime
The Waterboyz,7.8,86000,1h 29m,Crime
Hustlers Take All,5.5,80000,1h 46m,Crime
High Forces,5.7,528000,1h 59m,Crime
Formed Police Unit,4.6,477000,2h,Crime
The Infallibles,4.8,752000,1h 39m,Crime
Shakhahaari,7.5,0,2h 25m,Crime
RTI,5.9,26000,2h 10m,Crime
Chameleon,5.8,31000,2h 13m,Crime
Estômago II: O Poderoso Chef,5.8,323000,2h 11m,Crime
Rebel,3.1,65000,1h 40m,Crime
One Last Time,7.0,15000,1h 22m,Crime
Unknown Caller,7.0,29000,1h 3m,Crime
Wannabe,4.6,126000,1h 42m,Crime
Yevam,5.8,0,2h 3m,Crime
Remember Us,6.2,39000,1h 36m,Crime
Raja Rani,9.3,100000,2h 14m,Crime
S.I.T,6.7,0,1h 50m,Crime
Blood and Black,7.5,0,1h 28m,Crime
Bozji gnjev,7.2,59000,1h 51m,Crime
Danger in the Dorm,5.0,153000,1h 26m,Crime
Cursed in Baja,7.6,22000,1h 20m,Crime
Overdose,9.0,48000,2h 15m,Crime
Castillo,8.1,33000,2h 8m,Crime
Gam Gam Ganesha,5.3,310000,2h 20m,Crime
Desperado,5.9,144000,1h 40m,Crime
Piano Love,5.8,15000,1h 36m,Crime
The Unwavering Brotherhood,5.3,80000,1h 34m,Crime
Suspect,4.6,81000,1h 34m,Crime
Texas Twister,2.5,158000,1h 28m,Crime
Prasanna Vadanam,6.6,538000,2h 26m,Crime
Nastupit leto,7.0,28000,1h 34m,Crime
Cry of Silence,6.2,73000,1h 56m,Crime
Bodiless,5.7,0,1h 30m,Crime
Bond of Justice: Kizuna Part I - Encounter,6.2,18000,1h 32m,Crime
Breaking the Silence: The Maria Soledad Case,6.3,519000,1h 35m,Crime
Pattaya Heat,5.6,222000,1h 57m,Crime
Mudo Kannu,6.6,0,1h 40m,Crime
The Star City Murders,4.1,142000,1h 19m,Crime
Green Bones,7.7,186000,1h 36m,Crime
Chor Dil,7.4,37000,2h 15m,Crime
The Texas Cheerleader Murder Plot,5.0,296000,1h 40m,Crime
Dream Team,5.2,59000,1h 31m,Crime
Con Queens,6.2,19000,1h 20m,Crime
Shadows of Betrayal: Chronicles of Ian Blair,7.3,12000,1h 5m,Crime
The Murder of Sandra Rivett,6.3,145000,1h 30m,Crime
Untold: The Murder of Air McNair,5.6,0,57m,Crime
Angry Squad: Civil Servants & Seven Swindlers,7.9,45000,2h,Crime
Oru Nodi,6.7,504000,2h 8m,Crime
Uninvited,6.5,76000,1h 33m,Crime
Beneath the Fold,7.7,25000,1h 20m,Crime
Reloaded 2,7.7,0,45m,Crime
Swing Bout,8.7,175000,1h 30m,Crime
Shivam Bhaje,7.8,0,2h 1m,Crime
Killerwood,7.3,30000,1h 24m,Crime
Kokuhaku Confession,5.6,149000,1h 14m,Crime
Rakshana,5.4,0,2h 19m,Crime
Taxali Gate,6.6,118000,1h 35m,Crime
Priyo Maloti,6.7,186000,1h 59m,Crime
Cafe 404,7.2,35000,1h 33m,Crime
Risky Business,7.8,92000,1h 47m,Crime
Marine Drive,9.5,50000,1h 45m,Crime
Wieczór kawalerski,4.8,436000,1h 25m,Crime
Kiss of the Con Queen,7.2,28000,1h 57m,Crime
Best Man Dead Man,6.6,11000,1h 23m,Crime
Sentimentaaal,5.6,976000,2h 15m,Crime
The Bitter Sugar,6.8,9000,1h 32m,Crime
Hovering Blade,6.1,237000,1h 47m,Crime
What Happens in Miami,4.3,220000,1h 30m,Crime
Plea,6.9,24000,1h 28m,Crime
Martingale,5.4,105000,1h 43m,Crime
Accident or Conspiracy: Godhra,7.4,783000,2h 13m,Crime
Vivekam,8.2,308000,1h 44m,Crime
Pathological: The Lies of Joran van der Sloot,6.5,347000,1h 33m,Crime
Tiger Wolf Rabbit,6.2,504000,2h 6m,Crime
La mort viendra,6.0,42000,1h 41m,Crime
Brattt,4.7,67000,1h 57m,Crime
Second Life,6.8,48000,1h 45m,Crime
Holiday Hold-Up,5.6,69000,1h 29m,Crime
Chithini,6.0,551000,2h 31m,Crime
Kaliyugam Pattanamlo,6.6,0,2h 30m,Crime
Kala Ratri,6.8,15000,2h 2m,Crime
Rob N Roll,6.1,0,1h 38m,Crime
Bheema,5.8,950000,2h 28m,Crime
Kingdom Reign,8.3,37000,1h 59m,Crime
Dark World,4.6,15000,2h 15m,Crime
The Donor,9.0,9000,23m,Crime
Vojna policajtov,6.5,339000,2h 30m,Crime
Raavsaheb,8.4,7000,2h 18m,Crime
"Bullets, Brothers and Blood",7.8,15000,1h 25m,Crime
Dark Deceptions,6.2,36000,1h 22m,Crime
Killcon,9.5,14000,31m,Crime
Maven,9.4,44000,2h 15m,Crime
Villain - Life of a Gangster,8.9,156000,2h 21m,Crime
The Legend of the Vagabond Queen of Lagos,7.8,37000,1h 40m,Crime
Gold Boy,6.5,133000,2h 9m,Crime
Thirumbipaar,5.6,239000,1h 41m,Crime
Protein,6.5,62000,1h 40m,Crime
Pungut,6.7,11000,1h 40m,Crime
Hain,2.9,45000,1h 35m,Crime
Money No Enough 3,6.0,264000,2h 18m,Crime
Dickweed,7.1,36000,1h 30m,Crime
CHAAW: Chapter 3 - Christmas Time Is Here,7.9,475000,1h 12m,Crime
GATAO: Like Father Like Son,6.8,70000,1h 40m,Crime
Suspicion,3.6,209000,1h 55m,Crime
Lipstick,6.3,27000,2h 25m,Crime
Raktaksha,8.2,0,1h 58m,Crime
Nico,8.3,45000,1h 49m,Crime
Valleyheart,8.8,37000,1h 38m,Crime
Blood Dried Hands,5.4,35000,1h 55m,Crime
Whatever It Takes,8.3,14000,1h 33m,Crime
4N6,9.6,62000,1h 57m,Crime
Thankamani,4.6,229000,2h 36m,Crime
Abudeka Is Back,5.3,34000,2h,Crime
State of Silence,6.5,110000,1h 20m,Crime
Abnormal: Buas,5.6,26000,1h 30m,Crime
Niyathi,6.8,174000,1h 53m,Crime
Housekeeping,6.0,41000,1h 38m,Crime
Landkrimi: Steirergift,6.3,67000,1h 30m,Crime
Crime Reel,7.5,141000,1h 51m,Crime
Tiempo de Pagar,7.4,48000,1h 3m,Crime
Chitram Choodara,4.6,15000,2h 7m,Crime
Charlotte Link - Ohne Schuld,5.5,41000,1h 29m,Crime
A Place Under the Sun,9.2,35000,1h 50m,Crime
Meitantei Conan Bâsasu Kaitô Kiddo,6.1,161000,1h 21m,Crime
Pepe,5.0,492000,2h 6m,Crime
Nasha Jurm Aur Gangsters,6.6,0,2h 17m,Crime
Secret Home,8.3,148000,1h 57m,Crime
The Victims,5.9,82000,1h 39m,Crime
Bury Him,7.4,13000,1h 28m,Crime
Gossip to Die For,5.3,81000,1h 34m,Crime
Nelma Kodama: The Queen of Dirty Money,5.5,184000,1h 34m,Crime
Porch Pirates,5.0,103000,1h 47m,Crime
Who Killed Angel Adams?,6.3,24000,1h 16m,Crime
Snowstorm,4.5,6000,1h 31m,Crime
ONENESS,9.3,18000,1h 55m,Crime
Thozhar Che Guevara,5.1,37000,2h,Crime
Supplier Shankara,9.3,71000,2h 43m,Crime
Dream Lock,8.6,21000,1h 40m,Crime
The Stix,7.1,31000,2h 3m,Crime
Three Old Boys,4.8,97000,1h 48m,Crime
The Good Loan Sharks,5.0,75000,2h 2m,Crime
My Home Hero the Movie,6.1,8000,1h 57m,Crime
Game Over,5.7,20000,1h 14m,Crime
Common Sense,2.5,20000,1h 8m,Crime
Lipstick on the Glass,4.6,12000,1h 56m,Crime
Anyone Else But Me,7.0,153000,1h 35m,Crime
The Bodyguard,6.6,29000,1h 27m,Crime
Kurukku,6.5,531000,1h 49m,Crime
Lorry Chapter-1,5.7,0,3h 3m,Crime
Aranam,7.5,406000,2h 7m,Crime
Welcome to the Game,5.9,64000,1h 30m,Crime
Diari de la meva sextorsió,6.5,53000,1h 4m,Crime
Historias invisibles,6.4,27000,1h 50m,Crime
Paarijathaparvam,6.2,0,2h 13m,Crime
Nietzsche's Umbrella,8.7,21000,1h 26m,Crime
Maloney - Die ersten drei haarsträubenden Fälle,6.7,76000,1h 38m,Crime
Murder in a Teacup,6.3,148000,1h 33m,Crime
Uno Sir,6.4,44000,1h 46m,Crime
Searching for Amani,7.9,31000,1h 20m,Crime
First Rites,7.0,5000,1h 54m,Crime
Routa,6.5,31000,2h 7m,Crime
G - 21 scener från Gottsunda,7.0,184000,1h 20m,Crime
Jama,6.3,16000,1h 11m,Crime
Ugravatara,7.9,552000,2h 2m,Crime
Orah,7.1,20000,1h 35m,Crime
Kiyma: Orman Kanunlari,4.5,36000,1h 21m,Crime
Muzhskoe slovo,6.5,460000,1h 34m,Crime
Muroi Shinji: Yaburezaru Mono,7.7,7000,1h 55m,Crime
"Milk, Rice, and the Blood",9.0,53000,45m,Crime
A Valentine's Day,8.4,9000,2h 6m,Crime
The Dealer,8.3,12000,2h,Crime
Jaspal,7.3,28000,1h 46m,Crime
Opportunity,8.9,91000,1h 36m,Crime
Theppa Samudram,7.4,0,2h 13m,Crime
Tschugger - Der Lätscht Fall,8.1,165000,2h 27m,Crime
Siragan,7.0,152000,2h 10m,Crime
Grey Games,6.9,0,2h 1m,Crime
Vergüenza,6.9,23000,1h 43m,Crime
Myall Creek Day of Justice,6.4,17000,1h 18m,Crime
Atlanta 10.02,5.3,14000,45m,Crime
The Housewife and the Hustler 2: The Reckoning,6.5,44000,1h 34m,Crime
Salvajes,5.6,60000,1h 30m,Crime
Haunting Trophies,7.7,66000,2h 30m,Crime
Untouchable,4.5,88000,1h 52m,Crime
Rancor,7.0,34000,1h 23m,Crime
Laandhar,4.1,97000,1h 57m,Crime
Los Justos,6.4,74000,1h 19m,Crime
Hocus Focus,7.9,19000,1h 25m,Crime
Jog 101,6.6,497000,1h 47m,Crime
The Bottom Line,6.5,12000,1h 47m,Crime
Mukhya Gamanika,8.5,0,2h 5m,Crime
"Fallen Leaves, Broken Lighters",7.7,7000,1h 36m,Crime
Scapegoat,7.0,22000,1h 25m,Crime
Common Creed: Trafficking,6.7,8000,1h 46m,Crime
Malam Pertobatan,6.8,11000,1h 21m,Crime
Aaro,4.5,13000,2h,Crime
Gull Lake Vice II: The Delusion Continues,8.2,16000,58m,Crime
Ingu Mirugangal Vaazhum Idam,6.2,14000,1h 48m,Crime
Lesní vrah,4.2,78000,1h 18m,Crime
Abduction Chronicles,8.4,36000,2h 6m,Crime
Yathabhava,8.3,28000,2h 7m,Crime
Below the Rim,5.0,16000,1h 29m,Crime
Break War,2.4,14000,1h 26m,Crime
Runnin' from Wolves,7.2,10000,2h 13m,Crime
Bigul,9.3,46000,2h 24m,Crime
Agontuk,5.4,22000,2h 5m,Crime
Walk the Line,5.5,94000,1h 55m,Crime
Rhino Man,8.8,42000,1h 36m,Crime
The London Underground Killer,4.7,92000,1h 31m,Crime
Gally Gang Stars,9.0,0,2h 37m,Crime
Blue Christmas,5.6,21000,1h 19m,Crime
"Compa, me gusta su vieja",5.5,18000,1h 26m,Crime
Jalandhara,9.2,545000,1h 50m,Crime
5D,8.2,578000,2h 9m,Crime
Blitz,7.2,8000,6m,Crime
Chacaleria,8.1,419000,1h 56m,Crime
Vallavan Vaguthadhada,6.5,56000,1h 44m,Crime
Lolipop Gang,3.6,6000,1h 30m,Crime
Vengeful,6.1,18000,1h 40m,Crime
Don't Love,7.8,0,2h 57m,Crime
The Real Story of January 6: Part 2 - The Long Road Home,6.2,29000,1h 30m,Crime
Little Black Submarines,6.9,57000,2h 3m,Crime
Insurance Jimmy,6.9,148000,1h 50m,Crime
The Deal,8.5,26000,2h 10m,Crime
Passagrana,6.5,129000,1h 40m,Crime
Shina,7.5,7000,1h 38m,Crime
Die Bloedhonde,6.3,10000,1h 37m,Crime
Sangharshana,7.3,0,1h 42m,Crime
Rangeli,9.4,93000,2h 20m,Crime
Dai jia fa de ren,5.4,59000,2h 1m,Crime
Novyy god v Beryozovke,7.1,99000,1h 34m,Crime
Kaçkin,7.6,9000,1h 44m,Crime
Kunstroof,7.0,43000,1h 42m,Crime
Pinnil Oral,6.0,113000,2h 7m,Crime
AK47,7.2,14000,2h 26m,Crime
Koresha,3.0,63000,1h 26m,Crime
Guxim,7.7,34000,1h 15m,Crime
Above the Trees,6.5,14000,2h 5m,Crime
Leha,2.3,42000,1h 38m,Crime
What Lies Within,5.3,13000,1h 30m,Crime
SMB-plush presents trick or death,8.8,16000,2h,Crime
La Tamalera,8.2,9000,1h 55m,Crime
Downfall of the Crypto King (theatrical feature),6.2,28000,1h 30m,Crime
Beautifully Broken People,8.9,9000,1h 15m,Crime
Pink Butterfly,5.7,55000,1h 49m,Crime
Liebling Kreuzberg 2.0,5.1,50000,1h 29m,Crime
A Frozen Rage,5.4,47000,1h 55m,Crime
A Reel Heist,5.2,58000,1h 56m,Crime
Mun Kaupunki,6.6,22000,1h 45m,Crime
Beauty Grace Malice,7.6,44000,1h 21m,Crime
Yurka,4.0,30000,1h 25m,Crime
Mina and the Radio Bandits,7.3,44000,1h 50m,Crime
Sharma & Ambani,9.1,183000,1h 44m,Crime
Yaa Devi Sarva Bhuteshu,8.7,8000,1h 59m,Crime
Shades of Sapphire,7.8,9000,1h 17m,Crime
Ata Nirjon Duporiya,8.0,10000,1h 43m,Crime
Real Estate Sisters,4.8,17000,1h 24m,Crime
Dead Name,9.0,11000,1h 24m,Crime
Thirsty for Likes,4.0,38000,46m,Crime
Spending Some Time Together,6.9,28000,2h 26m,Crime
No Loose Ends,6.7,9000,1h 8m,Crime
Who Do You Trust?,3.6,40000,1h 36m,Crime
Bayamariya Brammai,8.8,25000,1h 28m,Crime
7vens Law,9.4,20000,1h 8m,Crime
Conviction,7.0,36000,1h 37m,Crime
Vrutos,8.4,9000,1h 40m,Crime
Netru Indha Neram,5.5,136000,2h 20m,Crime
Water Mafia,9.2,12000,45m,Crime
Dheera Samrat,9.8,99000,2h 3m,Crime
Full Clip for a Snitch,3.9,18000,1h 15m,Crime
Give Me a Ride,5.0,16000,1h 42m,Crime
El Junior Del Patron,7.4,10000,1h 32m,Crime
Dawgz Life,8.0,11000,2h 23m,Crime
Slapes,6.8,31000,1h 22m,Crime
All Suspects,3.6,19000,1h 36m,Crime
So It Goes,3.3,19000,1h 17m,Crime
Namak,4.5,13000,1h 15m,Crime
Los Hijos De Camelia y Emilio,6.4,26000,1h 22m,Crime
Nacida Para Vengar,8.0,9000,1h 42m,Crime
Po du xing dong,6.8,5000,1h 19m,Crime
The AI Dharma Story,2.5,0,1h 29m,Crime
The Burned Hand,8.0,12000,1h 25m,Crime
The Kills,8.8,9000,1h 10m,Crime
Jimmy's Friends,7.0,11000,1h 34m,Crime
El Cartel De Teresa,8.0,9000,1h 36m,Crime
El Juego Del Poder,7.8,10000,1h 35m,Crime
Kenda,8.9,20000,2h 15m,Crime
Randa Ramphal,8.5,8000,1h 10m,Crime
Detroit Ransom,6.8,11000,1h 16m,Crime
Cageling,5.9,8000,1h 9m,Crime
Lealtad o Morir,8.2,9000,1h 27m,Crime
Der Wien-Krimi: Blind ermittelt - Tod im Palais,6.9,30000,1h 28m,Crime
Las Hermanas Del Cartel,8.2,5000,1h 31m,Crime
La Nueva Camelia,5.4,17000,1h 35m,Crime
Duelo De Capos,6.4,26000,1h 23m,Crime
A Complete Unknown,7.4,0,2h 21m,Music
Better Man,7.6,0,2h 15m,Music
Maria,6.4,0,2h 4m,Music
Kneecap,7.6,0,1h 45m,Music
Bob Marley: One Love,6.2,0,1h 47m,Music
Descendants: The Rise of Red,4.7,0,1h 31m,Music
Back to Black,6.3,0,2h 2m,Music
The Marching Band,7.4,0,1h 43m,Music
Find Me Falling,6.3,0,1h 33m,Music
Midas Man,6.4,0,1h 52m,Music
Monsieur Aznavour,7.3,0,2h 13m,Music
The Piano Lesson,6.2,0,2h 7m,Music
Soundtrack to a Coup d'Etat,7.8,0,2h 30m,Music
The Greatest Hits,6.2,0,1h 34m,Music
Standing on the Shoulders of Kitties,6.2,567000,1h 51m,Music
This Is Me... Now,4.1,0,1h 5m,Music
Swamp Dogg Gets His Pool Painted,8.5,55000,1h 35m,Music
Stelios,7.3,0,2h 12m,Music
Doraemon the Movie: Nobita's Earth Symphony,6.6,0,1h 55m,Music
Yacht Rock: A Dockumentary,7.6,0,1h 35m,Music
GHOST: Rite Here Rite Now,8.6,0,2h 25m,Music
The Colors Within,7.1,965000,1h 41m,Music
Boléro,6.6,780000,2h,Music
Avicii - I'm Tim,7.8,0,1h 35m,Music
Beatles '64,7.2,0,1h 46m,Music
The Greatest Night in Pop,7.9,0,1h 36m,Music
Pavements,7.1,166000,2h 8m,Music
Music by John Williams,8.2,0,1h 45m,Music
Música,6.4,0,1h 31m,Music
Off the Record,7.8,11000,1h 35m,Music
Given 3: To the Sea,8.8,57000,1h 20m,Music
The Extraordinary Miss Flower,7.1,21000,1h 13m,Music
Gloria!,6.6,992000,1h 46m,Music
Nova & Alice,6.1,306000,1h 50m,Music
Mogwai: If the Stars Had a Sound,7.7,82000,1h 32m,Music
Janis Ian: Breaking Silence,8.1,58000,1h 54m,Music
Secret: Untold Melody,7.0,449000,1h 43m,Music
Luther: Never Too Much,8.1,840000,1h 41m,Music
Amar Singh Chamkila,7.8,0,2h 25m,Music
Ol' Dirty Bastard: A Tale of Two Dirtys,6.7,203000,1h 26m,Music
Elton John: Never Too Late,6.5,0,1h 42m,Music
Return of the King: The Fall and Rise of Elvis Presley,7.6,0,1h 30m,Music
"Disco, Ibiza, Locomia",6.0,0,1h 44m,Music
The Neon Highway,6.0,491000,1h 53m,Music
The Beach Boys,7.1,0,1h 53m,Music
I Am: Celine Dion,7.7,0,1h 43m,Music
Becoming Madonna,6.9,219000,1h 31m,Music
Movie Given Hiiragi Mix.,7.5,172000,1h 10m,Music
Beautiful Rebel,6.3,0,1h 52m,Music
Saturn Return,6.5,0,1h 49m,Music
Bocchi the Rock! Recap Part 1,7.6,162000,1h 30m,Music
Deaner '89,5.9,419000,1h 30m,Music
La Grande,9.0,39000,1h 35m,Music
The World According to Allee Willis,7.7,71000,1h 37m,Music
Oshi no Ko: The Final Act,6.9,123000,2h 9m,Music
Singing in My Sleep,5.2,100000,1h 32m,Music
Gaga Chromatica Ball,8.1,0,1h 57m,Music
Eno,7.9,306000,1h 25m,Music
Diane Warren: Relentless,7.5,63000,1h 31m,Music
Technoboys,5.2,972000,1h 49m,Music
Blur: To the End,7.2,675000,1h 44m,Music
La vita accanto,6.2,197000,1h 40m,Music
New Wave,8.0,48000,1h 28m,Music
No Cap,5.6,38000,1h 48m,Music
"RM: Right People, Wrong Place",8.3,411000,1h 20m,Music
I Need You: 53 Years of the Band America,8.5,7000,1h 33m,Music
ABBA: Against the Odds,7.4,413000,1h 30m,Music
ZEF: The Story of Die Antwoord,7.3,800000,1h 30m,Music
Andhagan,6.7,0,2h 22m,Music
Bocchi the Rock! Re: Re:,7.9,103000,1h 17m,Music
SUGA: Agust D Tour 'D-DAY' the Movie,8.1,0,1h 24m,Music
Diddy: Summit to Plummet,2.3,202000,1h,Music
La guitarra flamenca de Yerai Cortés,7.3,234000,1h 35m,Music
Larger Than Life: Reign of the Boybands,6.8,284000,1h 35m,Music
The Gesuidouz,6.8,56000,1h 33m,Music
Devo,7.3,84000,1h 30m,Music
NCT Dream Mystery Lab: Dream()Scape in Cinemas,8.8,29000,2h 18m,Music
One-Way Ticket to the Other Side,9.4,13000,1h 15m,Music
Any Other Way: The Jackie Shane Story,8.5,64000,1h 38m,Music
Blackpink: World Tour - Born Pink,7.7,276000,1h 33m,Music
Pagtatag! The Documentary,6.5,194000,1h 13m,Music
Mylene Farmer - Nevermore - Le Film,8.7,76000,2h 5m,Music
Stevie Van Zandt: Disciple,7.9,664000,2h 27m,Music
"Iki Gözüm Ahmet, Sürgün",3.7,139000,1h 53m,Music
Jung Kook: I Am Still,8.2,0,1h 30m,Music
Laufey's A Night at the Symphony: Hollywood Bowl,9.3,101000,1h 38m,Music
Don't Ever Stop,9.5,26000,1h 25m,Music
Andrea Bocelli 30: The Celebration,8.2,153000,2h 28m,Music
Bloody Bridget,7.0,54000,1h 21m,Music
Tears of Cem Karaca,7.2,0,2h 3m,Music
Art of a Hit,4.2,217000,1h 33m,Music
Hyper: The Stevie Hyper D Story,8.8,30000,1h 31m,Music
If Jack Reacher Could Sing,7.6,12000,31m,Music
K3 en Het Lied van de Zeemeermin,6.2,50000,1h 44m,Music
Karaoké,5.6,151000,1h 29m,Music
Queen Rock Montreal,8.5,788000,1h 35m,Music
Michael Jackson: Ungloved,6.4,22000,1h,Music
Buzzy Noise,6.0,53000,1h 59m,Music
Levoton Tuhkimo,6.5,414000,1h 28m,Music
"Mon Laferte, te amo",6.6,189000,1h 17m,Music
Boxcutter,8.4,11000,1h 33m,Music
IVE: The 1st World Tour in Cinema,7.3,54000,1h 51m,Music
A Fragile Flower,7.8,0,1h 36m,Music
Rock Bottom,6.9,43000,1h 26m,Music
Zim Zim Ala Kazim,3.5,108000,1h 40m,Music
Hiçbir Sey Normal Degil,6.1,72000,1h 11m,Music
Coven of the Black Cube,7.8,20000,1h 37m,Music
Il segreto di Liberato,7.3,217000,1h 30m,Music
For King + Country: A Drummer Boy Christmas - Live,8.1,171000,1h 30m,Music
Samsara,8.8,14000,1h 20m,Music
"Düsseldorf, Skåne",5.3,316000,1h 34m,Music
Torch Song,6.6,32000,1h 30m,Music
Toxic Harmony,5.3,28000,1h 32m,Music
Seventeen Tour 'Follow' Again to Cinemas,8.1,101000,1h 43m,Music
Teaches of Peaches,7.0,261000,1h 42m,Music
Swan Lake,7.5,48000,2h 25m,Music
Son Sarki: Ahmet'in Türküsü,1.6,110000,1h 41m,Music
As We Speak,6.5,130000,1h 36m,Music
PAPmusic - Animation for Fashion,1.0,136000,1h 25m,Music
No Hamburg No Beatles,6.6,77000,55m,Music
Fidil Ghorm,7.8,7000,1h 26m,Music
A Few Moments of Cheers,7.1,39000,1h 8m,Music
Peaches Goes Bananas,6.2,33000,1h 13m,Music
Go Against the Flow,5.3,150000,1h 37m,Music
Music Shop Murthy,8.1,0,2h 7m,Music
Since Yesterday: The Untold Story of Scotland's Girl Bands,7.5,59000,1h 34m,Music
Amaltash,8.1,149000,1h 53m,Music
Glenn Fredly: The Movie,6.8,124000,2h 1m,Music
Bach - Ein Weihnachtswunder,6.2,168000,1h 29m,Music
Kouté vwa,6.8,49000,1h 17m,Music
Element of Crime in Wenn es dunkel und kalt wird in Berlin,7.4,73000,1h 34m,Music
Usher: Rendezvous in Paris,7.9,45000,1h 28m,Music
Born to Be Wild: The Story of Steppenwolf,7.2,39000,1h 40m,Music
Beethoven's Nine: Ode to Humanity,6.9,22000,1h 25m,Music
Hov1 4-ever,6.4,73000,1h 32m,Music
Sabaton: The Tour to End All Tours,9.0,67000,1h 42m,Music
Ruki vverkh!,5.5,253000,1h 42m,Music
End Game: Battle Rap Part 1,8.2,307000,1h 27m,Music
Tudo por um Pop Star 2,5.6,60000,1h 14m,Music
Bratya,2.8,122000,1h 43m,Music
Aespa World Tour in Cinemas,8.1,103000,2h 5m,Music
Louder: The Soundtrack of Change,6.4,120000,1h 1m,Music
Nenormalnyy,6.5,152000,1h 43m,Music
The Way of the Rain - Hope for Earth,8.8,18000,1h,Music
This Is a Film About the Black Keys,8.3,27000,1h 30m,Music
The Good Loan Sharks,5.0,75000,2h 2m,Music
Lipstick on the Glass,4.6,12000,1h 56m,Music
Blur: Live at Wembley Stadium,8.1,89000,2h 8m,Music
Riv i hjertet,7.9,30000,1h 47m,Music
Ya Boy Kongming! Road to Summer Sonia,7.5,39000,1h 59m,Music
It's Ok,8.2,530000,1h 30m,Music
The Pop Out: Ken & Friends,8.8,138000,4h 17m,Music
Billie Eilish: HIT ME HARD AND SOFT - A Listening Experience,8.3,33000,1h,Music
Whitney Houston - The Concert for a New South Africa (Durban),8.5,150000,1h 55m,Music
Por tus muertos,3.3,185000,1h 34m,Music
Je Paisa Bolda Hunda,8.6,128000,2h 16m,Music
Ett hjärta är alltid rött,7.1,394000,1h 43m,Music
Hyperfocus: Tomorrow x Together VR Concert,9.2,6000,1h,Music
Songs from the Hole,7.1,12000,1h 46m,Music
Do I Shock U Like Lightning,9.1,23000,1h 37m,Music
Tesa Man,7.9,14000,1h,Music
Harta Tahta Raisa,4.0,71000,1h 50m,Music
Nada Será Como Antes,7.1,70000,1h 19m,Music
Bass Impact,5.9,52000,1h 49m,Music
Ta decibel tou Lefkou Pyrgou,9.2,9000,1h 47m,Music
Love Live! Nijigasaki High School Idol Club Final Chapter Part 1,7.3,13000,59m,Music
La Joia: Bad Gyal,5.8,81000,1h 32m,Music
Dolby Atmos: Love Jennifer Lopez More,5.2,19000,1m,Music
Aumenta que é Rock'n'Roll,7.1,278000,1h 52m,Music
Janet Jackson: In Control,5.5,8000,1h,Music
Novogodniy ekspress,9.2,5000,47m,Music
Tur s Ivanushkami,5.3,159000,1h 51m,Music
Yaremchuk: Nezrivniannyi svit krasy,8.6,461000,1h 32m,Music
John Williams in Tokyo,7.5,20000,1h 48m,Music
American Mileage,7.3,8000,2h 1m,Music
Pet Shop Boys Dreamworld: The Greatest Hits Live at the Royal Arena Copenhagen,8.3,135000,1h 55m,Music
Taeyong: TY Track in Cinemas,8.4,236000,1h 36m,Music
"Beyond, Ode to the Earth",6.7,121000,1h 17m,Music
To Freely Flourish,9.5,11000,40m,Music
"Dolly Parton: Bigger Hair, Bigger Heart",7.0,11000,1h,Music
All Access to Rossa 25 Shining Years,8.7,65000,1h 31m,Music
Paul Anka: His Way,7.3,11000,1h 40m,Music
Patchwork Family,9.9,7000,56m,Music
aespa: MY First page,8.3,32000,1h 50m,Music
Dread Zeppelin: A Song of Hope,7.6,8000,1h 26m,Music
Faders Up: The John Aielli Experience,9.0,10000,1h 15m,Music
Munda Rockstar,6.6,363000,2h 6m,Music
André Rieu's 2024 Maastricht Concert: Power of Love,7.7,9000,3h,Music
The Ballad of John and Yoko,8.4,16000,1h 41m,Music
Chicago & Friends in Concert,8.9,12000,2h 29m,Music
SDL A Batalha Musical,7.3,41000,1h 42m,Music
Sanjalice,8.9,13000,1h 9m,Music
End Game: Battle Rap Part 2,8.2,305000,1h 39m,Music
Cao Bela,7.7,10000,1h 34m,Music
Alien Weaponry: Kua Tupu Te Ara,6.6,8000,1h 39m,Music
Los Bunkers: MTV Unplugged,8.7,29000,1h 39m,Music
13 Lentes De Um Final Feliz (Documentário Completo),9.9,38000,6h 50m,Music
Ressaca Bailada - Filme Concerto,6.8,5000,54m,Music
Galaxies,5.7,7000,1h 45m,Music
Live from Detroit: The Concert at Michigan Central,8.0,11000,1h,Music
Reba McEntire: Country Gold,7.5,10000,1h,Music
Beethoven's Nine,7.6,11000,1h 30m,Music
Sobreviure a l'incendi: El documental de ZOO,7.8,6000,1h 27m,Music
Arno: Rock'n'Roll Godverdomme,7.8,26000,1h 30m,Music
Carmina Burana: Dancing in Defiance,8.4,9000,1h 12m,Music
Vavel the Band,9.4,16000,1h 17m,Music
Electric Callboy: Tekkno - Live in Europe,9.1,23000,1h 26m,Music
"Stop, noch",3.9,8000,1h 37m,Music
Babymetal: World Tour 2023 - 2024 Legend - MM,9.6,9000,3h,Music
"Bryson, the Demon Slayer",4.5,12000,59m,Music
Imagine Dragons au Château de Chambord,7.6,7000,1h 35m,Music
Giannis Spanos: Piso ap' ti markiza,7.8,17000,1h 58m,Music
Pearl Jam - Dark Matter,5.8,35000,1h 37m,Music
Roméo et Juliette à l'Opéra Bastille,5.5,13000,2h 51m,Music
Húszra lapot,8.3,6000,1h 24m,Music
The Royal Edinburgh Military Tattoo 2023,7.0,8000,1h 40m,Music
Paranoid: 25 let,6.0,7000,51m,Music
Stay Homas. La banda que no hauria d'existir,7.0,16000,1h 22m,Music
En kväll för LeMarc,7.2,5000,1h 28m,Music
"Lupicinio Rodrigues, Confissões de um Sofredor",7.0,5000,1h 39m,Music
Natanael Cano: Tumbado Tour 2024,2.4,8000,3h 17m,Music
Böhse Onkelz: 40 Jahre Onkelz - Live im Waldstadion,8.7,9000,3h 5m,Music
Challengers,7.0,0,2h 11m,Sport
Queen of the Ring,6.9,939000,2h 20m,Sport
Under Paris,5.2,0,1h 44m,Sport
Arthur the King,7.0,0,1h 47m,Sport
Unstoppable,6.8,0,1h 56m,Sport
Young Woman and the Sea,7.5,0,2h 9m,Sport
The Fire Inside,6.7,0,1h 49m,Sport
You Gotta Believe,5.8,0,1h 44m,Sport
Rez Ball,6.3,0,1h 51m,Sport
Sweet Dreams,5.4,0,1h 35m,Sport
The Beautiful Game,6.3,0,2h 5m,Sport
El Jockey,6.4,0,1h 36m,Sport
Race for Glory: Audi vs. Lancia,5.8,0,1h 49m,Sport
The Underdoggs,5.6,0,1h 36m,Sport
Uranus 2324,6.4,0,2h 10m,Sport
Sixty Minutes,5.7,0,1h 28m,Sport
Haikyu!! The Dumpster Battle,7.7,0,1h 25m,Sport
Blue Lock: Episode Nagi,6.6,0,1h 31m,Sport
Chandu Champion,7.8,0,2h 22m,Sport
Lubber Pandhu,8.1,0,2h 26m,Sport
Maidaan,7.9,0,3h 1m,Sport
El Hareefa,6.9,0,1h 57m,Sport
Bionic,4.3,0,1h 50m,Sport
Little Wing,6.1,937000,1h 40m,Sport
Boxer,6.4,0,2h 30m,Sport
Balestra,5.1,529000,2h 25m,Sport
My Sunshine,7.1,0,1h 40m,Sport
Havnaa,7.2,242000,1h 50m,Sport
Yolo,6.9,0,2h 9m,Sport
Vijay 69,6.1,0,1h 52m,Sport
Color of Victory,6.1,0,2h 37m,Sport
Crakk: Jeetega... Toh Jiyegaa,4.7,0,2h 34m,Sport
The Final: Attack on Wembley,6.3,0,1h 22m,Sport
Federer: Twelve Final Days,7.3,0,1h 28m,Sport
Giannis: The Marvelous Journey,8.3,0,1h 49m,Sport
El Harifa 2: El Remontada,6.5,382000,2h 10m,Sport
The Champion,5.5,884000,1h 46m,Sport
Cup,8.6,68000,2h 26m,Sport
Gundi: Legend of Love,9.0,0,2h 46m,Sport
Ski,7.7,64000,1h 35m,Sport
Free Falling,5.2,292000,1h 29m,Sport
Lal Salaam,4.5,0,2h 30m,Sport
Baki Hanma VS Kengan Ashura,5.7,0,1h 2m,Sport
My Annoying Brother,7.5,232000,1h 54m,Sport
The Swedish Torpedo,6.4,143000,2h,Sport
Nayab,7.4,268000,2h 33m,Sport
Mr. & Mrs. Mahi,5.9,0,2h 19m,Sport
Samia,6.9,133000,1h 42m,Sport
Pegasus 2,6.9,0,2h 1m,Sport
Memes & Nightmares,5.7,85000,1h 21m,Sport
Sunshine,7.5,47000,1h 31m,Sport
Pierce,6.5,132000,1h 49m,Sport
Topuria Matador,7.2,166000,1h 35m,Sport
EFC,7.8,0,1h 27m,Sport
Hayatla Baris,6.3,371000,2h 5m,Sport
Undisputed,6.8,103000,1h 4m,Sport
4 Zéros,3.6,141000,1h 45m,Sport
Las super estrellas de la lucha libre,8.6,49000,1h 38m,Sport
Keluar Main 1994,7.9,52000,1h 52m,Sport
Giroud,6.1,17000,1h 20m,Sport
Friendly Fire,6.3,33000,1h 45m,Sport
The Miranda Brothers,4.4,190000,1h 39m,Sport
Nasty,7.8,0,1h 43m,Sport
Uma Musume: Pretty Derby - Beginning of a New Era,7.3,120000,1h 48m,Sport
Fuchsia Libre,4.9,58000,1h 52m,Sport
Minor Leaguer,5.2,87000,1h 17m,Sport
Diving Into the Darkness,9.1,83000,1h 36m,Sport
Puffing Iron,7.9,19000,1h 38m,Sport
Untold: The Murder of Air McNair,5.6,0,57m,Sport
Kulej. Dwie strony medalu,6.4,314000,2h 28m,Sport
Megdan: Between Water and Fire,5.4,723000,1h 46m,Sport
GG (Good Game),5.8,78000,1h 40m,Sport
Harimau Malaya: The Untold Journey,8.2,22000,2h 5m,Sport
Challenger,5.6,170000,1h 35m,Sport
It's All Over: The Kiss That Changed Spanish Football,6.9,625000,1h 35m,Sport
Wingless,7.8,92000,1h 50m,Sport
V de Victor,5.2,75000,1h 40m,Sport
Runaway Wrestler,7.9,15000,1h 45m,Sport
Blue Star,6.9,0,2h 46m,Sport
Champions of the Golden Valley,9.2,64000,1h 21m,Sport
Gold,7.8,67000,2h 6m,Sport
Ice Aged,6.5,6000,1h 50m,Sport
Lyod 3,6.0,302000,2h 14m,Sport
Unbreakable: England 2003,8.2,35000,1h 6m,Sport
Game Changers,4.7,220000,1h 18m,Sport
Padu,5.1,80000,1h 37m,Sport
A Horse Named Winx,8.7,98000,1h 57m,Sport
See Her Be Her,7.6,21000,1h 50m,Sport
Knockout Blonde: The Kellie Maloney Story,5.9,21000,1h 30m,Sport
Parviz Khan,6.0,206000,1h 50m,Sport
Final Heat,3.8,213000,1h 23m,Sport
Numéro 10,5.4,51000,1h 31m,Sport
I am Al Ittihad,4.9,228000,1h 30m,Sport
Dabaru,8.9,648000,2h 11m,Sport
Rafa Márquez: El Capitán,6.6,192000,1h 22m,Sport
Fedya. Narodnyy futbolist,6.0,123000,2h 5m,Sport
Together: 4-in-a-Row,6.2,63000,1h 32m,Sport
The Netflix Slam,7.1,142000,2h 30m,Sport
In Inima Nationalei,7.8,199000,1h 43m,Sport
The Unbreakable Tatiana Suarez,6.6,171000,1h 18m,Sport
Anytime,8.9,20000,1h 2m,Sport
Eclipse,9.4,83000,1h 19m,Sport
Chong · Zhuang,7.2,17000,2h 4m,Sport
Daley,7.8,179000,1h 42m,Sport
La valanga azzurra,7.6,10000,1h 30m,Sport
Below the Rim,5.0,16000,1h 29m,Sport
Ice Cross: Life on the Edge,9.1,13000,1h 30m,Sport
V potoke trekh stikhiy,5.2,42000,1h 25m,Sport
Ping pang nan hai,7.3,17000,1h 48m,Sport
"Hai, Romania!",8.1,421000,1h 38m,Sport
A Game of Two Halves,7.3,24000,1h 40m,Sport
The Spoils: Selling the Future of American Basketball,6.0,6000,1h 27m,Sport
DitO,4.6,8000,1h 57m,Sport
Tracing the Divide,8.8,170000,1h 24m,Sport
Nos Amours: The Saga of the Montreal Expos,6.2,23000,1h 32m,Sport
Gabru Gang,8.7,214000,2h 3m,Sport
Quest for the Shield,9.2,12000,1h 52m,Sport
Linford,7.3,146000,1h 29m,Sport
Take the Steps,8.3,74000,1h 23m,Sport
All American,9.6,18000,1h 27m,Sport
Graciano Rocchigiani - Das Herz eines Boxers,9.2,51000,2h 3m,Sport
UFC 299: O'Malley vs. Vera 2,7.4,80000,3h,Sport
Episodes: Ukraine at the World Cup (2024),8.2,69000,1h 19m,Sport
Trailblazers,6.8,17000,38m,Sport
The Next Centimeter,7.5,35000,26m,Sport
Battle of the Baddest,6.2,95000,1h 1m,Sport
"Surf on, Europe!",7.8,22000,1h 32m,Sport
Golpe a Golpe (Blow by Blow),8.1,23000,1h 30m,Sport
UFC 303: Pereira vs. Prochazka 2,6.4,69000,3h 15m,Sport
Welcome Back,7.4,5000,1h 59m,Sport
UFC 302: Makhachev vs. Poirier,6.7,91000,3h,Sport
Faster: Only one lap,7.1,23000,1h 30m,Sport
87 Candles,8.9,9000,55m,Sport
Zlatan Ibrahimovic hyllningsmatch (Sweden vs Serbia),6.6,6000,2h 50m,Sport
Gyakorlat teszi a mestert,6.1,15000,46m,Sport
Hatching Eagles,6.9,23000,1h 3m,Sport
UFC 304: Edwards vs. Muhammad 2,6.0,71000,3h 20m,Sport
Khapsyhyy,5.5,7000,1h 30m,Sport
Triumf,7.3,9000,1h 53m,Sport
UFC 297: Strickland vs. du Plessis,6.4,61000,3h,Sport
Veljko od mora,7.2,16000,53m,Sport
Is University Really Worth It?,5.2,12000,1h,Sport
Quote 10.35,8.0,24000,35m,Sport
¡Qué suerte hemos tenido!,7.5,16000,1h 2m,Sport
